smiles,source,metal,scaffold_id,cluster_id
c1ccc([P](c2ccccc2)(c2ccccc2)[Pt]([P](c2ccccc2)(c2ccccc2)c2ccccc2)([P](c2ccccc2)(c2ccccc2)c2ccccc2)[P](c2ccccc2)(c2ccccc2)c2ccccc2)cc1,platinai,Pt,c1ccc([P](c2ccccc2)(c2ccccc2)[Pt]([P](c2ccccc2)(c2ccccc2)c2ccccc2)([P](c2ccccc2)(c2ccccc2)c2ccccc2)[P](c2ccccc2)(c2ccccc2)c2ccccc2)cc1,0
O=C1[O-]->[Pt+2]2(<-[NH2][C@@H]3CCCC[C@H]3[NH2]->2)<-[O-]C1=O,platinai,Pt,C1CCCCC1,1
CC1[O-]->[Pt+2]2(<-[NH2]CC3CCC3C[NH2]->2)<-[O-]C1=O,platinai,Pt,C1CCC1,1
[I-][Pt+2]1([I-])<-[NH2][C@@H]2CCCC[C@H]2[NH2]->1,platinai,Pt,C1CCCCC1,1
C[C@@H]1[O-]->[Pt+2]2(<-[NH2]C[C@@H]3CC[C@H]3C[NH2]->2)<-[O-]C1=O,tmqm,Pt,C1CCC1,1
O=C1[O-]->[Pt+2]2(<-[NH2][C@@H]3CCCC[C@H]3[NH2]->2)<-[O-]C1=O,tmqm,Pt,C1CCCCC1,1
CCCCCCCCCCCCCC(=O)[O-]->[Pt+2]1(<-[NH2][C@@H]2CCCC[C@H]2[NH2]->1)<-[O-]C(=O)CCCCCCCCCCCCC,platinai,Pt,C1CCCCC1,1
[OH2]->[Pt]1(<-[OH2])<-[NH2][C@@H]2CCCC[C@H]2[NH2]->1,tmqm,Pt,C1CCCCC1,1
O=[N+]([O-])[O-]->[Pt+2]1(<-[NH2][C@@H]2CCCC[C@H]2[NH2]->1)<-[O-][N+](=O)[O-],tmqm,Pt,C1CCCCC1,1
O=CC(Br)=C(Br)C(=O)[O-]->[Pt+2]1(<-[NH2]C2CCCCC2[NH2]->1)<-[O-]C(=O)C(Br)=C(Br)C=O,metal_cytotox,Pt,C1CCCCC1,1
COCC1(C)C[NH2]->[Pt+2]2(<-[NH2]C1)<-[O-]C(=O)C1(C(=O)[O-]->2)CCC1,tmqm,Pt,C1CCC1,1
O=C([O-])CC(C(=O)[O-])C1[O-]->[Pt+2]2(<-[NH2]C3CCCCC3[NH2]->2)<-[O-]C1=O,tmqm,Pt,C1CCCCC1,1
CC1[O-]->[Pt+2]2(<-[NH2]C[C@@H]3CC[C@H]3C[NH2]->2)<-[O-]C1=O,platinai,Pt,C1CCC1,1
O=C1[O-]->[Pt+2]2(<-[NH2]CC(CO)(CO)C[NH2]->2)<-[O-]C(=O)C12CCC2,platinai,Pt,C1CCC1,1
[NH3]->[Pt+2]1(<-[NH3])<-[O-]C(=O)C2(C(=O)[O-]->1)CCC2,tmqm,Pt,C1CCC1,1
[NH3]->[Pt+2]1(<-[NH2]C2CCCC2)<-[O-]C(=O)CC(O)C(=O)[O-]->1,tmqm,Pt,C1CCCC1,1
O=C1[O-]->[Pt+2]2(<-[NH2][C@H]3CCCC[C@@H]3[NH2]->2)<-[O-]C1=O,tmqm,Pt,C1CCCCC1,1
CC1[CH-]C(C)=[O]->[Pt]2(<-[NH2]C3CCCCC3[NH2]->2)<-[O]=1,platinai,Pt,C1CCCCC1,1
O=[N+]([O-])[O-]->[Pt+2]1(<-[NH2][C@H]2CCCC[C@H]2[NH2]->1)<-[O-][N+](=O)[O-],tmqm,Pt,C1CCCCC1,1
O=S1(=O)[O-]->[Pt+2]2(<-[NH2][C@H]3CCCC[C@@H]3[NH2]->2)<-[O-]1,tmqm,Pt,C1CCCCC1,1
[NH3]->[Pt+2]1(<-[NH3])<-[O-]CC(=O)[O-]->1,platinai,Pt,,2
[OH-]->[Pt+4](<-[OH-])(<-[OH-])(<-[OH-])(<-[OH2])<-[OH2],metal_cytotox,Pt,,2
CN(C)C=[O]->[Sc+3](<-[Cl-])(<-[Cl-])(<-[Cl-])(<-[O]=CN(C)C)<-[O]=CN(C)C,tmqm,OTHER,,2
O=C1CC(=O)[O-]->[Pt+2]2(<-[NH2]CC[NH2]->2)<-[O-]1,tmqm,Pt,,2
CCCC[O-]->[Y+3](<-[N-]([Si](C)(C)C)[Si](C)(C)C)(<-[N-]([Si](C)(C)C)[Si](C)(C)C)<-[N-]([Si](C)(C)C)[Si](C)(C)C,tmqm,OTHER,,2
O[NH2]->[Pt](<-[NH2]O)(<-[NH2]O)<-[NH2]O,tmqm,Pt,,2
C[Si]1=[CH2]->[Y+3](<-[N-]1[Si](C)(C)C)(<-[N-]([Si](C)(C)C)[Si](C)(C)C)<-[N-]([Si](C)(C)C)[Si](C)(C)C.[CH3-],tmqm,OTHER,,2
[NH3]->[Pt+2](<-[NH3])(<-[NH3])(<-[NH3])(<-[OH-])<-[OH-],platinai,Pt,,2
[NH3]->[Pt+2](<-[NH3])(<-[NH3])(<-[NH3])<-[OH-],tmqm,Pt,,2
OCC[NH]1CC[NH2]->[Pt+2]<-12<-[NH2]CC[NH]->2CCO,tmqm,Pt,,2
[H-][Pt+2]([P](C)(C)[O-])([P](C)(C)[O-])[P](C)(C)[O-],tmqm,Pt,,2
C[O]1CC[O](C)->[Y+3]<-123(<-[Cl-])(<-[Cl-])<-[O]([Si](C)(C)[Si-]->2([Si](C)(C)C)[Si](C)(C)C)[Si](C)(C)[Si-]->3([Si](C)(C)C)[Si](C)(C)C,tmqm,OTHER,,2
O=[N+]([O-])[Pt+4](<-[O-]S(=O)(=O)[O-])(<-[O-]S(=O)(=O)[O-])[N+](=O)[O-],tmqm,Pt,,2
[NH3]->[Pt+2]1(<-[NH3])<-[O-]P(=O)([O-])C[N]->1(CP(=O)([O-])[O-])CP(=O)([O-])[O-],platinai,Pt,,2
[I-][Pt+4]([I-])([I-])([I-])([I-])[I-],platinai,Pt,,2
C[N]1(C)CC[N](C)(C)->[Y+3]<-1(<-[CH2-][Si](C)(C)C)(<-[CH2-][Si](C)(C)C)<-[CH2-][Si](C)(C)C,metal_cytotox,OTHER,,2
[OH2]->[Y+3](<-[OH2])(<-[OH2])(<-[OH2])(<-[OH2])(<-[N-]=C=S)(<-[N-]=C=S)<-[N-]=C=S,tmqm,OTHER,,2
[I-][Pt+2]1([I-])<-[NH2]CC[NH2]->1,tmqm,Pt,,2
O=[N+]([O-])[Pt+4]([N+](=O)[O-])([N+](=O)[O-])[N+](=O)[O-],platinai,Pt,,2
[OH][Pt]([OH])([OH])[OH],tmqm,Pt,,2
CC[O]1N=C([O-]->[Zr+4]<-1234(<-[O-]C(=N[O]->2CC)C(C)(C)C)(<-[O-]C(=N[O]->3CC)C(C)(C)C)<-[O-]C(=N[O]->4CC)C(C)(C)C)C(C)(C)C,tmqm,OTHER,,2
[I-][Pt+4]([I-])([I-])[I-],tmqm,Pt,,2
[OH2]->[Y+3]1234(<-[N-]=C=S)(<-[N-]=C=S)(<-[N-]=C=S)<-[OH]CC[O]->1CC[O]->2CC[O]->3CC[OH]->4,tmqm,OTHER,,2
CC#[N]->[Pt](<-[N]#CC)(<-[N]#CC)<-[N]#CC,tmqm,Pt,,2
[NH3]->[Pt+2](<-[NH3])([N+](=O)[O-])[N+](=O)[O-],tmqm,Pt,,2
[NH3]->[Pt+2](<-[NH3])(<-[O-]N=O)<-[O-]N=O,tmqm,Pt,,2
CC1[OH]->[Y+3]23(<-[OH2])(<-[OH2])(<-[O-]C1=O)(<-[O-]C(=O)C(C)[OH]->2)<-[O-]C(=O)C(C)[OH]->3,tmqm,OTHER,,2
[Cl-].c1ccc(P(c2ccccc2)c2ccccc2)cc1.c1cn[nH]c1.c1cnn(C(n2cccn2)n2cccn2)c1,platinai,Pt,c1ccc(P(c2ccccc2)c2ccccc2)cc1.c1cn[nH]c1.c1cnn(C(n2cccn2)n2cccn2)c1,3
Oc1cccnc1.[Cl-].c1ccc(P(c2ccccc2)c2ccccc2)cc1.c1cnn(C(n2cccn2)n2cccn2)c1,metal_cytotox,OTHER,c1ccc(P(c2ccccc2)c2ccccc2)cc1.c1ccncc1.c1cnn(C(n2cccn2)n2cccn2)c1,3
[C-]#[N+]CP(=O)(OCC)OCC.[Cl-].c1ccc(P(c2ccccc2)c2ccccc2)cc1.c1cnn(C(n2cccn2)n2cccn2)c1,platinai,Pt,c1ccc(P(c2ccccc2)c2ccccc2)cc1.c1cnn(C(n2cccn2)n2cccn2)c1,3
COP(OC)OC.[Cl-].c1ccc(P(c2ccccc2)c2ccccc2)cc1.c1cnn(C(n2cccn2)n2cccn2)c1,tmqm,OTHER,c1ccc(P(c2ccccc2)c2ccccc2)cc1.c1cnn(C(n2cccn2)n2cccn2)c1,3
[C-]#[N+]CP(=O)(OCC)OCC.[Cl-].c1ccc(P(c2ccccc2)c2ccccc2)cc1.c1cnn(C(n2cccn2)n2cccn2)c1,tmqm,OTHER,c1ccc(P(c2ccccc2)c2ccccc2)cc1.c1cnn(C(n2cccn2)n2cccn2)c1,3
[C-]#[N+]C1CCCCC1.[Cl-].c1ccc(P(c2ccccc2)c2ccccc2)cc1.c1cnn(C(n2cccn2)n2cccn2)c1,platinai,Pt,C1CCCCC1.c1ccc(P(c2ccccc2)c2ccccc2)cc1.c1cnn(C(n2cccn2)n2cccn2)c1,3
Cn1ccnc1.[Cl-].c1ccc(P(c2ccccc2)c2ccccc2)cc1.c1cnn(C(n2cccn2)n2cccn2)c1,tmqm,OTHER,c1c[nH]cn1.c1ccc(P(c2ccccc2)c2ccccc2)cc1.c1cnn(C(n2cccn2)n2cccn2)c1,3
CC#N.[Cl-].c1ccc(P(c2ccccc2)c2ccccc2)cc1.c1cnn(C(n2cccn2)n2cccn2)c1,tmqm,OTHER,c1ccc(P(c2ccccc2)c2ccccc2)cc1.c1cnn(C(n2cccn2)n2cccn2)c1,3
[Cl-].c1ccc(P(c2ccccc2)c2ccccc2)cc1.c1ccc(P(c2ccccc2)c2ccccc2)cc1.c1cnn(C(n2cccn2)n2cccn2)c1,tmqm,OTHER,c1ccc(P(c2ccccc2)c2ccccc2)cc1.c1ccc(P(c2ccccc2)c2ccccc2)cc1.c1cnn(C(n2cccn2)n2cccn2)c1,3
Oc1cccnc1.[Cl-].c1ccc(P(c2ccccc2)c2ccccc2)cc1.c1cnn(C(n2cccn2)n2cccn2)c1,tmqm,OTHER,c1ccc(P(c2ccccc2)c2ccccc2)cc1.c1ccncc1.c1cnn(C(n2cccn2)n2cccn2)c1,3
[Cl-].c1ccc(P(c2ccccc2)c2ccccc2)cc1.c1ccc(P(c2ccccc2)c2ccccc2)cc1.c1cnn(C(n2cccn2)n2cccn2)c1,platinai,Pt,c1ccc(P(c2ccccc2)c2ccccc2)cc1.c1ccc(P(c2ccccc2)c2ccccc2)cc1.c1cnn(C(n2cccn2)n2cccn2)c1,3
[C-]#[N+]C1CCCCC1.[Cl-].c1ccc(P(c2ccccc2)c2ccccc2)cc1.c1cnn(C(n2cccn2)n2cccn2)c1,tmqm,OTHER,C1CCCCC1.c1ccc(P(c2ccccc2)c2ccccc2)cc1.c1cnn(C(n2cccn2)n2cccn2)c1,3
CC#N.[Cl-].c1ccc(P(c2ccccc2)c2ccccc2)cc1.c1cnn(C(n2cccn2)n2cccn2)c1,tmqm,OTHER,c1ccc(P(c2ccccc2)c2ccccc2)cc1.c1cnn(C(n2cccn2)n2cccn2)c1,3
Cn1ccnc1.[Cl-].c1ccc(P(c2ccccc2)c2ccccc2)cc1.c1cnn(C(n2cccn2)n2cccn2)c1,tmqm,OTHER,c1c[nH]cn1.c1ccc(P(c2ccccc2)c2ccccc2)cc1.c1cnn(C(n2cccn2)n2cccn2)c1,3
Oc1cccnc1.[Cl-].c1ccc(P(c2ccccc2)c2ccccc2)cc1.c1cnn(C(n2cccn2)n2cccn2)c1,tmqm,OTHER,c1ccc(P(c2ccccc2)c2ccccc2)cc1.c1ccncc1.c1cnn(C(n2cccn2)n2cccn2)c1,3
[C-]#[N+]CP(=O)(OCC)OCC.[Cl-].c1ccc(P(c2ccccc2)c2ccccc2)cc1.c1cnn(C(n2cccn2)n2cccn2)c1,tmqm,OTHER,c1ccc(P(c2ccccc2)c2ccccc2)cc1.c1cnn(C(n2cccn2)n2cccn2)c1,3
[C-]#[N+]CP(=O)(OCC)OCC.[Cl-].c1ccc(P(c2ccccc2)c2ccccc2)cc1.c1cnn(C(n2cccn2)n2cccn2)c1,tmqm,OTHER,c1ccc(P(c2ccccc2)c2ccccc2)cc1.c1cnn(C(n2cccn2)n2cccn2)c1,3
COP(OC)OC.[Cl-].c1ccc(P(c2ccccc2)c2ccccc2)cc1.c1cnn(C(n2cccn2)n2cccn2)c1,tmqm,OTHER,c1ccc(P(c2ccccc2)c2ccccc2)cc1.c1cnn(C(n2cccn2)n2cccn2)c1,3
COP(OC)OC.[Cl-].c1ccc(P(c2ccccc2)c2ccccc2)cc1.c1cnn(C(n2cccn2)n2cccn2)c1,tmqm,OTHER,c1ccc(P(c2ccccc2)c2ccccc2)cc1.c1cnn(C(n2cccn2)n2cccn2)c1,3
[C-]#[N+]C1CCCCC1.[Cl-].c1ccc(P(c2ccccc2)c2ccccc2)cc1.c1cnn(C(n2cccn2)n2cccn2)c1,tmqm,OTHER,C1CCCCC1.c1ccc(P(c2ccccc2)c2ccccc2)cc1.c1cnn(C(n2cccn2)n2cccn2)c1,3
Cn1ccnc1.[Cl-].c1ccc(P(c2ccccc2)c2ccccc2)cc1.c1cnn(C(n2cccn2)n2cccn2)c1,platinai,Pt,c1c[nH]cn1.c1ccc(P(c2ccccc2)c2ccccc2)cc1.c1cnn(C(n2cccn2)n2cccn2)c1,3
COP(OC)OC.[Cl-].c1ccc(P(c2ccccc2)c2ccccc2)cc1.c1cnn(C(n2cccn2)n2cccn2)c1,tmqm,OTHER,c1ccc(P(c2ccccc2)c2ccccc2)cc1.c1cnn(C(n2cccn2)n2cccn2)c1,3
[Cl-].c1ccc(P(c2ccccc2)c2ccccc2)cc1.c1cn[nH]c1.c1cnn(C(n2cccn2)n2cccn2)c1,tmqm,OTHER,c1ccc(P(c2ccccc2)c2ccccc2)cc1.c1cn[nH]c1.c1cnn(C(n2cccn2)n2cccn2)c1,3
COP(OC)OC.[Cl-].c1ccc(P(c2ccccc2)c2ccccc2)cc1.c1cnn(C(n2cccn2)n2cccn2)c1,tmqm,OTHER,c1ccc(P(c2ccccc2)c2ccccc2)cc1.c1cnn(C(n2cccn2)n2cccn2)c1,3
[C-]#[N+]C1CCCCC1.[Cl-].c1ccc(P(c2ccccc2)c2ccccc2)cc1.c1cnn(C(n2cccn2)n2cccn2)c1,tmqm,OTHER,C1CCCCC1.c1ccc(P(c2ccccc2)c2ccccc2)cc1.c1cnn(C(n2cccn2)n2cccn2)c1,3
Oc1cccnc1.[Cl-].c1ccc(P(c2ccccc2)c2ccccc2)cc1.c1cnn(C(n2cccn2)n2cccn2)c1,tmqm,OTHER,c1ccc(P(c2ccccc2)c2ccccc2)cc1.c1ccncc1.c1cnn(C(n2cccn2)n2cccn2)c1,3
Cn1ccnc1.[Cl-].c1ccc(P(c2ccccc2)c2ccccc2)cc1.c1cnn(C(n2cccn2)n2cccn2)c1,platinai,Pt,c1c[nH]cn1.c1ccc(P(c2ccccc2)c2ccccc2)cc1.c1cnn(C(n2cccn2)n2cccn2)c1,3
[C-]#[N+]CP(=O)(OCC)OCC.[Cl-].c1ccc(P(c2ccccc2)c2ccccc2)cc1.c1cnn(C(n2cccn2)n2cccn2)c1,tmqm,OTHER,c1ccc(P(c2ccccc2)c2ccccc2)cc1.c1cnn(C(n2cccn2)n2cccn2)c1,3
[Cl-].c1ccc(P(c2ccccc2)c2ccccc2)cc1.c1cn[nH]c1.c1cnn(C(n2cccn2)n2cccn2)c1,tmqm,OTHER,c1ccc(P(c2ccccc2)c2ccccc2)cc1.c1cn[nH]c1.c1cnn(C(n2cccn2)n2cccn2)c1,3
[Cl-].c1ccc(P(c2ccccc2)c2ccccc2)cc1.c1cn[nH]c1.c1cnn(C(n2cccn2)n2cccn2)c1,platinai,Pt,c1ccc(P(c2ccccc2)c2ccccc2)cc1.c1cn[nH]c1.c1cnn(C(n2cccn2)n2cccn2)c1,3
[C-]#[N+]C1CCCCC1.[Cl-].c1ccc(P(c2ccccc2)c2ccccc2)cc1.c1cnn(C(n2cccn2)n2cccn2)c1,metal_cytotox,OTHER,C1CCCCC1.c1ccc(P(c2ccccc2)c2ccccc2)cc1.c1cnn(C(n2cccn2)n2cccn2)c1,3
Cn1ccnc1.[Cl-].c1ccc(P(c2ccccc2)c2ccccc2)cc1.c1cnn(C(n2cccn2)n2cccn2)c1,tmqm,OTHER,c1c[nH]cn1.c1ccc(P(c2ccccc2)c2ccccc2)cc1.c1cnn(C(n2cccn2)n2cccn2)c1,3
c1cc2ccc3ccc[n]4->[Pt]5(<-[NH2]CC[NH2]->5)<-[n](c1)c2c34,tmqm,Pt,c1c[nH]c2c(c1)ccc1ccc[nH]c12,5
CCCCN(CCCC)C1=[O]->[Y+3]2345(<-[O]=C(c6ccc7ccc8ccc1[n]->2c8c7[n]->36)N(CCCC)CCCC)(<-[O-][N+](=O)[O-])(<-[O-][N+](=O)[O-]->4)<-[O-][N+](=O)[O-]->5,tmqm,OTHER,c1c[nH]c2c(c1)ccc1ccc[nH]c12,5
c1cc2ccc3cccc4c5nc(-c6cnccn6)nnc5c(c1)c2c34.c1ccc(Nc2ccccn2)nc1.c1ccc(Nc2ccccn2)nc1,tmqm,OTHER,c1cc2ccc3cccc4c5nc(-c6cnccn6)nnc5c(c1)c2c34.c1ccc(Nc2ccccn2)nc1.c1ccc(Nc2ccccn2)nc1,6
Cc1ccnc2c1ccc1c(C)ccnc12.Cc1ccnc2c1ccc1c(C)ccnc12.c1cc2ccc3cccc4c5nc(-c6cnccn6)nnc5c(c1)c2c34,tmqm,OTHER,c1cc2ccc3cccc4c5nc(-c6cnccn6)nnc5c(c1)c2c34.c1cnc2c(c1)ccc1cccnc12.c1cnc2c(c1)ccc1cccnc12,6
Cc1ccnc(-c2cc(C)ccn2)c1.Cc1ccnc(-c2cc(C)ccn2)c1.c1cc2ccc3cccc4c5nc(-c6cnccn6)nnc5c(c1)c2c34,tmqm,OTHER,c1cc2ccc3cccc4c5nc(-c6cnccn6)nnc5c(c1)c2c34.c1ccc(-c2ccccn2)nc1.c1ccc(-c2ccccn2)nc1,6
[c-]1ccccc1-c1ccccn1.c1cc2ccc3cccc4c5nc(-c6cnccn6)nnc5c(c1)c2c34.c1ccc(-c2ccccn2)nc1,platinai,Pt,[c-]1ccccc1-c1ccccn1.c1cc2ccc3cccc4c5nc(-c6cnccn6)nnc5c(c1)c2c34.c1ccc(-c2ccccn2)nc1,6
c1cc2ccc3cccc4c5nc(-c6cnccn6)nnc5c(c1)c2c34.c1ccc(-c2ccccn2)nc1.c1ccc(-c2ccccn2)nc1,tmqm,OTHER,c1cc2ccc3cccc4c5nc(-c6cnccn6)nnc5c(c1)c2c34.c1ccc(-c2ccccn2)nc1.c1ccc(-c2ccccn2)nc1,6
Cc1ccnc2c1ccc1c(C)ccnc12.Cc1ccnc2c1ccc1c(C)ccnc12.c1cc2ccc3cccc4c5nc(-c6cnccn6)nnc5c(c1)c2c34,tmqm,OTHER,c1cc2ccc3cccc4c5nc(-c6cnccn6)nnc5c(c1)c2c34.c1cnc2c(c1)ccc1cccnc12.c1cnc2c(c1)ccc1cccnc12,6
Cc1ccnc2c1ccc1c(C)ccnc12.Cc1ccnc2c1ccc1c(C)ccnc12.c1cc2ccc3cccc4c5nc(-c6cnccn6)nnc5c(c1)c2c34,platinai,Pt,c1cc2ccc3cccc4c5nc(-c6cnccn6)nnc5c(c1)c2c34.c1cnc2c(c1)ccc1cccnc12.c1cnc2c(c1)ccc1cccnc12,6
c1cc2ccc3cccc4c5nc(-c6cnccn6)nnc5c(c1)c2c34.c1cnc2c(c1)ccc1cccnc12.c1cnc2c(c1)ccc1cccnc12,platinai,Pt,c1cc2ccc3cccc4c5nc(-c6cnccn6)nnc5c(c1)c2c34.c1cnc2c(c1)ccc1cccnc12.c1cnc2c(c1)ccc1cccnc12,6
c1cc2ccc3cccc4c5nc(-c6cnccn6)nnc5c(c1)c2c34.c1ccc(Nc2ccccn2)nc1.c1ccc(Nc2ccccn2)nc1,tmqm,OTHER,c1cc2ccc3cccc4c5nc(-c6cnccn6)nnc5c(c1)c2c34.c1ccc(Nc2ccccn2)nc1.c1ccc(Nc2ccccn2)nc1,6
c1cc2ccc3cccc4c5nc(-c6cnccn6)nnc5c(c1)c2c34.c1ccc(-c2ccccn2)nc1.c1ccc(-c2ccccn2)nc1,tmqm,OTHER,c1cc2ccc3cccc4c5nc(-c6cnccn6)nnc5c(c1)c2c34.c1ccc(-c2ccccn2)nc1.c1ccc(-c2ccccn2)nc1,6
c1cc2ccc3cccc4c5nc(-c6cnccn6)nnc5c(c1)c2c34.c1ccc(-c2ccccn2)nc1.c1ccc(-c2ccccn2)nc1,tmqm,OTHER,c1cc2ccc3cccc4c5nc(-c6cnccn6)nnc5c(c1)c2c34.c1ccc(-c2ccccn2)nc1.c1ccc(-c2ccccn2)nc1,6
c1cc2ccc3cccc4c5nc(-c6cnccn6)nnc5c(c1)c2c34.c1cnc2c(c1)ccc1cccnc12.c1cnc2c(c1)ccc1cccnc12,tmqm,OTHER,c1cc2ccc3cccc4c5nc(-c6cnccn6)nnc5c(c1)c2c34.c1cnc2c(c1)ccc1cccnc12.c1cnc2c(c1)ccc1cccnc12,6
c1cc2ccc3cccc4c5nc(-c6cnccn6)nnc5c(c1)c2c34.c1ccc(-c2ccccn2)nc1.c1ccc(-c2ccccn2)nc1,tmqm,OTHER,c1cc2ccc3cccc4c5nc(-c6cnccn6)nnc5c(c1)c2c34.c1ccc(-c2ccccn2)nc1.c1ccc(-c2ccccn2)nc1,6
Cc1ccnc(-c2cc(C)ccn2)c1.Cc1ccnc(-c2cc(C)ccn2)c1.c1cc2ccc3cccc4c5nc(-c6cnccn6)nnc5c(c1)c2c34,tmqm,OTHER,c1cc2ccc3cccc4c5nc(-c6cnccn6)nnc5c(c1)c2c34.c1ccc(-c2ccccn2)nc1.c1ccc(-c2ccccn2)nc1,6
c1cc2ccc3cccc4c5nc(-c6cnccn6)nnc5c(c1)c2c34.c1cnc2c(c1)ccc1cccnc12.c1cnc2c(c1)ccc1cccnc12,tmqm,OTHER,c1cc2ccc3cccc4c5nc(-c6cnccn6)nnc5c(c1)c2c34.c1cnc2c(c1)ccc1cccnc12.c1cnc2c(c1)ccc1cccnc12,6
c1cc2ccc3cccc4c5nc(-c6cnccn6)nnc5c(c1)c2c34.c1ccc(-c2ccccn2)nc1.c1ccc(-c2ccccn2)nc1,tmqm,OTHER,c1cc2ccc3cccc4c5nc(-c6cnccn6)nnc5c(c1)c2c34.c1ccc(-c2ccccn2)nc1.c1ccc(-c2ccccn2)nc1,6
c1cc2ccc3cccc4c5nc(-c6cnccn6)nnc5c(c1)c2c34.c1ccc(-c2ccnc3c2ccc2c(-c4ccccc4)ccnc23)cc1.c1ccc(-c2ccnc3c2ccc2c(-c4ccccc4)ccnc23)cc1,tmqm,OTHER,c1cc2ccc3cccc4c5nc(-c6cnccn6)nnc5c(c1)c2c34.c1ccc(-c2ccnc3c2ccc2c(-c4ccccc4)ccnc23)cc1.c1ccc(-c2ccnc3c2ccc2c(-c4ccccc4)ccnc23)cc1,6
[c-]1ccccc1-c1ccccn1.c1cc2ccc3cccc4c5nc(-c6cnccn6)nnc5c(c1)c2c34.c1ccc(-c2ccccn2)nc1,tmqm,OTHER,[c-]1ccccc1-c1ccccn1.c1cc2ccc3cccc4c5nc(-c6cnccn6)nnc5c(c1)c2c34.c1ccc(-c2ccccn2)nc1,6
Cc1ccnc(-c2cc(C)ccn2)c1.Cc1ccnc(-c2cc(C)ccn2)c1.c1cc2ccc3cccc4c5nc(-c6cnccn6)nnc5c(c1)c2c34,platinai,Pt,c1cc2ccc3cccc4c5nc(-c6cnccn6)nnc5c(c1)c2c34.c1ccc(-c2ccccn2)nc1.c1ccc(-c2ccccn2)nc1,6
[c-]1ccccc1-c1ccccn1.c1cc2ccc3cccc4c5nc(-c6cnccn6)nnc5c(c1)c2c34.c1ccc(-c2ccccn2)nc1,tmqm,OTHER,[c-]1ccccc1-c1ccccn1.c1cc2ccc3cccc4c5nc(-c6cnccn6)nnc5c(c1)c2c34.c1ccc(-c2ccccn2)nc1,6
[c-]1ccccc1-c1ccccn1.c1cc2ccc3cccc4c5nc(-c6cnccn6)nnc5c(c1)c2c34.c1ccc(-c2ccccn2)nc1,tmqm,OTHER,[c-]1ccccc1-c1ccccn1.c1cc2ccc3cccc4c5nc(-c6cnccn6)nnc5c(c1)c2c34.c1ccc(-c2ccccn2)nc1,6
[c-]1ccccc1-c1ccccn1.c1cc2ccc3cccc4c5nc(-c6cnccn6)nnc5c(c1)c2c34.c1ccc(-c2ccccn2)nc1,tmqm,OTHER,[c-]1ccccc1-c1ccccn1.c1cc2ccc3cccc4c5nc(-c6cnccn6)nnc5c(c1)c2c34.c1ccc(-c2ccccn2)nc1,6
c1cc2ccc3cccc4c5nc(-c6cnccn6)nnc5c(c1)c2c34.c1ccc(-c2ccccn2)nc1.c1ccc(-c2ccccn2)nc1,platinai,Pt,c1cc2ccc3cccc4c5nc(-c6cnccn6)nnc5c(c1)c2c34.c1ccc(-c2ccccn2)nc1.c1ccc(-c2ccccn2)nc1,6
Cc1ccnc2c1ccc1c(C)ccnc12.Cc1ccnc2c1ccc1c(C)ccnc12.c1cc2ccc3cccc4c5nc(-c6cnccn6)nnc5c(c1)c2c34,tmqm,OTHER,c1cc2ccc3cccc4c5nc(-c6cnccn6)nnc5c(c1)c2c34.c1cnc2c(c1)ccc1cccnc12.c1cnc2c(c1)ccc1cccnc12,6
Cc1ccnc(-c2cc(C)ccn2)c1.Cc1ccnc(-c2cc(C)ccn2)c1.c1cc2ccc3cccc4c5nc(-c6cnccn6)nnc5c(c1)c2c34,tmqm,OTHER,c1cc2ccc3cccc4c5nc(-c6cnccn6)nnc5c(c1)c2c34.c1ccc(-c2ccccn2)nc1.c1ccc(-c2ccccn2)nc1,6
Cc1ccnc(-c2cc(C)ccn2)c1.Cc1ccnc(-c2cc(C)ccn2)c1.c1cc2ccc3cccc4c5nc(-c6cnccn6)nnc5c(c1)c2c34,tmqm,OTHER,c1cc2ccc3cccc4c5nc(-c6cnccn6)nnc5c(c1)c2c34.c1ccc(-c2ccccn2)nc1.c1ccc(-c2ccccn2)nc1,6
c1cc2ccc3cccc4c5nc(-c6cnccn6)nnc5c(c1)c2c34.c1ccc(-c2ccnc3c2ccc2c(-c4ccccc4)ccnc23)cc1.c1ccc(-c2ccnc3c2ccc2c(-c4ccccc4)ccnc23)cc1,tmqm,OTHER,c1cc2ccc3cccc4c5nc(-c6cnccn6)nnc5c(c1)c2c34.c1ccc(-c2ccnc3c2ccc2c(-c4ccccc4)ccnc23)cc1.c1ccc(-c2ccnc3c2ccc2c(-c4ccccc4)ccnc23)cc1,6
Cc1ccnc(-c2cc(C)ccn2)c1.Cc1ccnc(-c2cc(C)ccn2)c1.c1cc2ccc3cccc4c5nc(-c6cnccn6)nnc5c(c1)c2c34,platinai,Pt,c1cc2ccc3cccc4c5nc(-c6cnccn6)nnc5c(c1)c2c34.c1ccc(-c2ccccn2)nc1.c1ccc(-c2ccccn2)nc1,6
Cc1ccnc2c1ccc1c(C)ccnc12.Cc1ccnc2c1ccc1c(C)ccnc12.c1cc2ccc3cccc4c5nc(-c6cnccn6)nnc5c(c1)c2c34,tmqm,OTHER,c1cc2ccc3cccc4c5nc(-c6cnccn6)nnc5c(c1)c2c34.c1cnc2c(c1)ccc1cccnc12.c1cnc2c(c1)ccc1cccnc12,6
c1cc2ccc3cccc4c5nc(-c6cnccn6)nnc5c(c1)c2c34.c1ccc(-c2ccccn2)nc1.c1ccc(-c2ccccn2)nc1,tmqm,OTHER,c1cc2ccc3cccc4c5nc(-c6cnccn6)nnc5c(c1)c2c34.c1ccc(-c2ccccn2)nc1.c1ccc(-c2ccccn2)nc1,6
[c-]1ccccc1-c1ccccn1.c1cc2ccc3cccc4c5nc(-c6cnccn6)nnc5c(c1)c2c34.c1ccc(-c2ccccn2)nc1,tmqm,OTHER,[c-]1ccccc1-c1ccccn1.c1cc2ccc3cccc4c5nc(-c6cnccn6)nnc5c(c1)c2c34.c1ccc(-c2ccccn2)nc1,6
c1cc2ccc3cccc4c5nc(-c6cnccn6)nnc5c(c1)c2c34.c1ccc(Nc2ccccn2)nc1.c1ccc(Nc2ccccn2)nc1,tmqm,OTHER,c1cc2ccc3cccc4c5nc(-c6cnccn6)nnc5c(c1)c2c34.c1ccc(Nc2ccccn2)nc1.c1ccc(Nc2ccccn2)nc1,6
c1cc2ccc3cccc4c5nc(-c6cnccn6)nnc5c(c1)c2c34.c1ccc(Nc2ccccn2)nc1.c1ccc(Nc2ccccn2)nc1,tmqm,OTHER,c1cc2ccc3cccc4c5nc(-c6cnccn6)nnc5c(c1)c2c34.c1ccc(Nc2ccccn2)nc1.c1ccc(Nc2ccccn2)nc1,6
Cc1ccnc(-c2cc(C)ccn2)c1.Cc1ccnc(-c2cc(C)ccn2)c1.c1cc2ccc3cccc4c5nc(-c6cnccn6)nnc5c(c1)c2c34,metal_cytotox,OTHER,c1cc2ccc3cccc4c5nc(-c6cnccn6)nnc5c(c1)c2c34.c1ccc(-c2ccccn2)nc1.c1ccc(-c2ccccn2)nc1,6
c1cc2ccc3cccc4c5nc(-c6cnccn6)nnc5c(c1)c2c34.c1ccc(Nc2ccccn2)nc1.c1ccc(Nc2ccccn2)nc1,platinai,Pt,c1cc2ccc3cccc4c5nc(-c6cnccn6)nnc5c(c1)c2c34.c1ccc(Nc2ccccn2)nc1.c1ccc(Nc2ccccn2)nc1,6
c1cc2ccc3cccc4c5nc(-c6cnccn6)nnc5c(c1)c2c34.c1cnc2c(c1)ccc1cccnc12.c1cnc2c(c1)ccc1cccnc12,tmqm,OTHER,c1cc2ccc3cccc4c5nc(-c6cnccn6)nnc5c(c1)c2c34.c1cnc2c(c1)ccc1cccnc12.c1cnc2c(c1)ccc1cccnc12,6
c1cc2ccc3cccc4c5nc(-c6cnccn6)nnc5c(c1)c2c34.c1ccc(-c2ccnc3c2ccc2c(-c4ccccc4)ccnc23)cc1.c1ccc(-c2ccnc3c2ccc2c(-c4ccccc4)ccnc23)cc1,tmqm,OTHER,c1cc2ccc3cccc4c5nc(-c6cnccn6)nnc5c(c1)c2c34.c1ccc(-c2ccnc3c2ccc2c(-c4ccccc4)ccnc23)cc1.c1ccc(-c2ccnc3c2ccc2c(-c4ccccc4)ccnc23)cc1,6
[c-]1ccccc1-c1ccccn1.c1cc2ccc3cccc4c5nc(-c6cnccn6)nnc5c(c1)c2c34.c1ccc(-c2ccccn2)nc1,tmqm,OTHER,[c-]1ccccc1-c1ccccn1.c1cc2ccc3cccc4c5nc(-c6cnccn6)nnc5c(c1)c2c34.c1ccc(-c2ccccn2)nc1,6
c1cc2ccc3cccc4c5nc(-c6cnccn6)nnc5c(c1)c2c34.c1cnc2c(c1)ccc1cccnc12.c1cnc2c(c1)ccc1cccnc12,tmqm,OTHER,c1cc2ccc3cccc4c5nc(-c6cnccn6)nnc5c(c1)c2c34.c1cnc2c(c1)ccc1cccnc12.c1cnc2c(c1)ccc1cccnc12,6
Cc1ccnc2c1ccc1c(C)ccnc12.Cc1ccnc2c1ccc1c(C)ccnc12.c1cc2ccc3cccc4c5nc(-c6cnccn6)nnc5c(c1)c2c34,tmqm,OTHER,c1cc2ccc3cccc4c5nc(-c6cnccn6)nnc5c(c1)c2c34.c1cnc2c(c1)ccc1cccnc12.c1cnc2c(c1)ccc1cccnc12,6
Cc1ccnc2c1ccc1c(C)ccnc12.Cc1ccnc2c1ccc1c(C)ccnc12.c1cc2ccc3cccc4c5nc(-c6cnccn6)nnc5c(c1)c2c34,platinai,Pt,c1cc2ccc3cccc4c5nc(-c6cnccn6)nnc5c(c1)c2c34.c1cnc2c(c1)ccc1cccnc12.c1cnc2c(c1)ccc1cccnc12,6
c1cc2ccc3cccc4c5nc(-c6cnccn6)nnc5c(c1)c2c34.c1cnc2c(c1)ccc1cccnc12.c1cnc2c(c1)ccc1cccnc12,platinai,Pt,c1cc2ccc3cccc4c5nc(-c6cnccn6)nnc5c(c1)c2c34.c1cnc2c(c1)ccc1cccnc12.c1cnc2c(c1)ccc1cccnc12,6
Cc1ccnc(-c2cc(C)ccn2)c1.Cc1ccnc(-c2cc(C)ccn2)c1.c1cc2ccc3cccc4c5nc(-c6cnccn6)nnc5c(c1)c2c34,tmqm,OTHER,c1cc2ccc3cccc4c5nc(-c6cnccn6)nnc5c(c1)c2c34.c1ccc(-c2ccccn2)nc1.c1ccc(-c2ccccn2)nc1,6
c1cc2ccc3cccc4c5nc(-c6cnccn6)nnc5c(c1)c2c34.c1cnc2c(c1)ccc1cccnc12.c1cnc2c(c1)ccc1cccnc12,tmqm,OTHER,c1cc2ccc3cccc4c5nc(-c6cnccn6)nnc5c(c1)c2c34.c1cnc2c(c1)ccc1cccnc12.c1cnc2c(c1)ccc1cccnc12,6
c1cc2ccc3cccc4c5nc(-c6cnccn6)nnc5c(c1)c2c34.c1ccc(-c2ccnc3c2ccc2c(-c4ccccc4)ccnc23)cc1.c1ccc(-c2ccnc3c2ccc2c(-c4ccccc4)ccnc23)cc1,tmqm,OTHER,c1cc2ccc3cccc4c5nc(-c6cnccn6)nnc5c(c1)c2c34.c1ccc(-c2ccnc3c2ccc2c(-c4ccccc4)ccnc23)cc1.c1ccc(-c2ccnc3c2ccc2c(-c4ccccc4)ccnc23)cc1,6
c1cc2ccc3cccc4c5nc(-c6cnccn6)nnc5c(c1)c2c34.c1ccc(-c2ccnc3c2ccc2c(-c4ccccc4)ccnc23)cc1.c1ccc(-c2ccnc3c2ccc2c(-c4ccccc4)ccnc23)cc1,tmqm,OTHER,c1cc2ccc3cccc4c5nc(-c6cnccn6)nnc5c(c1)c2c34.c1ccc(-c2ccnc3c2ccc2c(-c4ccccc4)ccnc23)cc1.c1ccc(-c2ccnc3c2ccc2c(-c4ccccc4)ccnc23)cc1,6
Fc1c(F)c(F)c(C2=C3C=CC4=[N]3->[Pt+2]35<-[N]6=C(C=CC6=C(c6c(F)c(F)c(F)c(F)c6F)c6ccc2[n]63)C(c2c(F)c(F)c(F)c(F)c2F)=c2ccc([n]25)=C4c2c(F)c(F)c(F)c(F)c2F)c(F)c1F,tmqm,Pt,C1=CC2=[N]3->[Pt+2]45<-[N]6=C(C=CC6=C(c6ccccc6)c6ccc([n]64)C(c4ccccc4)=C13)C(c1ccccc1)=c1ccc([n]15)=C2c1ccccc1,7
O=C([O-])c1ccc(C2=C3C=CC4=[N]3->[Pt+2]35<-[N]6=C(C=CC6=C(c6ccc(C(=O)[O-])cc6)c6ccc2[n]63)C(c2ccc(C(=O)[O-])cc2)=c2ccc([n]25)=C4c2ccc(C(=O)[O-])cc2)cc1,platinai,Pt,C1=CC2=[N]3->[Pt+2]45<-[N]6=C(C=CC6=C(c6ccccc6)c6ccc([n]64)C(c4ccccc4)=C13)C(c1ccccc1)=c1ccc([n]15)=C2c1ccccc1,7
[CH3-]->[Pt+2]123(<-[CH3-])<-[CH]4=[CH]->1CC[CH]->2=[CH]->3CC4,platinai,Pt,C1=CCCC=CCC1,9
[I-][Pt+2]123([I-])<-[CH]4=[CH]->1CC[CH]->2=[CH]->3CC4,platinai,Pt,C1=CCCC=CCC1,9
c1cc[c-](->[Pt+2]234(<-[c-]5ccccc5)<-[CH]5=[CH]->2CC[CH]->3=[CH]->4CC5)cc1,tmqm,Pt,c1cc[c-](->[Pt+2]234(<-[c-]5ccccc5)<-[CH]5=[CH]->2CC[CH]->3=[CH]->4CC5)cc1,10
CC#N.CC#N.CC#N.CC#N.[c-]1n(-c2ccccn2)cc[n+]1Cc1ccccc1,platinai,Pt,[c-]1n(-c2ccccn2)cc[n+]1Cc1ccccc1,11
CC#N.CC#N.Fc1c(F)c(F)c(C[n+]2[c-]n(-c3ccccn3)cc2)c(F)c1F.c1cnc2c(c1)ccc1cccnc12,tmqm,OTHER,[c-]1n(-c2ccccn2)cc[n+]1Cc1ccccc1.c1cnc2c(c1)ccc1cccnc12,11
CC#N.CC#N.[c-]1n(-c2ccccn2)cc[n+]1Cc1ccccc1.c1cnc2c(c1)ccc1cccnc12,tmqm,OTHER,[c-]1n(-c2ccccn2)cc[n+]1Cc1ccccc1.c1cnc2c(c1)ccc1cccnc12,11
CC#N.CC#N.Cc1c(C)c(C)c(C[n+]2[c-]n(-c3ccccn3)cc2)c(C)c1C.c1cnc2c(c1)ccc1cccnc12,tmqm,OTHER,[c-]1n(-c2ccccn2)cc[n+]1Cc1ccccc1.c1cnc2c(c1)ccc1cccnc12,11
CC#N.CC#N.Cc1c(C)c(C)c(C[n+]2[c-]n(-c3ccccn3)cc2)c(C)c1C.Cc1ccc(-c2ccc(C)cn2)nc1,tmqm,OTHER,[c-]1n(-c2ccccn2)cc[n+]1Cc1ccccc1.c1ccc(-c2ccccn2)nc1,11
CCCCC1=[N](C(C)C)->[Sc+3]2345(<-[N-2][N+]#N)(<-[N-2][N+]#N)(<-[N-]1C(C)C)<-[c]1(C)[c]->2(C)[c]->3(C)[c-]->4(C)[c]->51C,platinai,Pt,[c-]1cccc1,12
C[c]12->[Pt+4]345(<-[CH3-])(<-[CH3-])(<-[CH3-])<-[c]1(C)[c]->3(C)[c-]->4(C)[c]->52C,tmqm,Pt,[c-]1cccc1,12
CC[c-]12->[Pt+4]345(<-[CH3-])(<-[CH3-])(<-[CH3-])<-[cH]([cH]->3[cH]->41)[cH]->52,tmqm,Pt,[c-]1cccc1,12
C[c-]12->[Pt+4]345(<-[CH3-])(<-[CH3-])(<-[CH3-])<-[cH]([cH]->3[cH]->41)[cH]->52,tmqm,Pt,[c-]1cccc1,12
Cc1ccc(C(C)C)cc1.[Cl-].[O-]/C(=N\N=C/c1c2ccccc2cc2ccccc12)c1ccc(Cl)cc1,tmqm,OTHER,C(=N/N=C\c1c2ccccc2cc2ccccc12)c1ccccc1.c1ccccc1,15
COc1ccc(/C([O-])=N/N=C\c2c3ccccc3cc3ccccc23)cc1.[Cl-].c1ccccc1,tmqm,OTHER,C(=N/N=C/c1ccccc1)/c1c2ccccc2cc2ccccc12.c1ccccc1,15
[Cl-].[O-]/C(=N\N=C/c1c2ccccc2cc2ccccc12)c1ccc(Cl)cc1.c1ccccc1,tmqm,OTHER,C(=N/N=C\c1c2ccccc2cc2ccccc12)c1ccccc1.c1ccccc1,15
Cc1ccc(C(C)C)cc1.[Cl-].[O-]/C(=N\N=C/c1c2ccccc2cc2ccccc12)c1ccccc1,platinai,Pt,C(=N/N=C\c1c2ccccc2cc2ccccc12)c1ccccc1.c1ccccc1,15
COc1ccc(/C([O-])=N/N=C\c2c3ccccc3cc3ccccc23)cc1.Cc1ccc(C(C)C)cc1.[Cl-],platinai,Pt,C(=N/N=C/c1ccccc1)/c1c2ccccc2cc2ccccc12.c1ccccc1,15
COc1ccc(/C([O-])=N/N=C\c2c3ccccc3cc3ccccc23)cc1.Cc1ccc(C(C)C)cc1.[Cl-],platinai,Pt,C(=N/N=C/c1ccccc1)/c1c2ccccc2cc2ccccc12.c1ccccc1,15
COc1ccc(/C([O-])=N/N=C\c2c3ccccc3cc3ccccc23)cc1.[Cl-].c1ccccc1,tmqm,OTHER,C(=N/N=C/c1ccccc1)/c1c2ccccc2cc2ccccc12.c1ccccc1,15
[Cl-].[O-]/C(=N\N=C/c1c2ccccc2cc2ccccc12)c1ccccc1.c1ccccc1,tmqm,OTHER,C(=N/N=C\c1c2ccccc2cc2ccccc12)c1ccccc1.c1ccccc1,15
Cc1ccc(C(C)C)cc1.[Cl-].[O-]/C(=N\N=C/c1c2ccccc2cc2ccccc12)c1ccccc1,tmqm,OTHER,C(=N/N=C\c1c2ccccc2cc2ccccc12)c1ccccc1.c1ccccc1,15
[Cl-].[O-]/C(=N\N=C/c1c2ccccc2cc2ccccc12)c1ccc(Cl)cc1.c1ccccc1,platinai,Pt,C(=N/N=C\c1c2ccccc2cc2ccccc12)c1ccccc1.c1ccccc1,15
COc1ccc(/C([O-])=N/N=C\c2c3ccccc3cc3ccccc23)cc1.[Cl-].c1ccccc1,platinai,Pt,C(=N/N=C/c1ccccc1)/c1c2ccccc2cc2ccccc12.c1ccccc1,15
[Cl-].[O-]/C(=N\N=C/c1c2ccccc2cc2ccccc12)c1ccccc1.c1ccccc1,tmqm,OTHER,C(=N/N=C\c1c2ccccc2cc2ccccc12)c1ccccc1.c1ccccc1,15
Cc1ccc(C(C)C)cc1.[Cl-].[O-]/C(=N\N=C/c1c2ccccc2cc2ccccc12)c1ccc(Cl)cc1,platinai,Pt,C(=N/N=C\c1c2ccccc2cc2ccccc12)c1ccccc1.c1ccccc1,15
COc1ccc(/C([O-])=N/N=C\c2c3ccccc3cc3ccccc23)cc1.Cc1ccc(C(C)C)cc1.[Cl-],platinai,Pt,C(=N/N=C/c1ccccc1)/c1c2ccccc2cc2ccccc12.c1ccccc1,15
Cc1ccc(C(C)C)cc1.[Cl-].[O-]/C(=N\N=C/c1c2ccccc2cc2ccccc12)c1ccc(Cl)cc1,tmqm,OTHER,C(=N/N=C\c1c2ccccc2cc2ccccc12)c1ccccc1.c1ccccc1,15
Cc1ccc(C(C)C)cc1.[Cl-].[O-]/C(=N\N=C/c1c2ccccc2cc2ccccc12)c1ccccc1,tmqm,OTHER,C(=N/N=C\c1c2ccccc2cc2ccccc12)c1ccccc1.c1ccccc1,15
[Cl-].[O-]/C(=N\N=C/c1c2ccccc2cc2ccccc12)c1ccc(Cl)cc1.c1ccccc1,tmqm,OTHER,C(=N/N=C\c1c2ccccc2cc2ccccc12)c1ccccc1.c1ccccc1,15
CC1=CC(C)=[N](c2c(C)cccc2C)->[Y+3](<-[N-]1c1c(C)cccc1C)(<-[N-](c1ccccc1)P(c1ccccc1)c1ccccc1)<-[N-](c1ccccc1)P(c1ccccc1)c1ccccc1,platinai,Pt,C=[N](c1ccccc1)->[Y+3](<-[NH-]c1ccccc1)(<-[N-](c1ccccc1)P(c1ccccc1)c1ccccc1)<-[N-](c1ccccc1)P(c1ccccc1)c1ccccc1,16
[S-]c1ncccn1.c1ccc(P(CCCCP(c2ccccc2)c2ccccc2)c2ccccc2)cc1.c1ccc(P(c2ccccc2)c2ccccn2)cc1,platinai,Pt,c1ccc(P(CCCCP(c2ccccc2)c2ccccc2)c2ccccc2)cc1.c1ccc(P(c2ccccc2)c2ccccn2)cc1.c1cncnc1,19
[S-]c1ncccn1.c1ccc(P(CCCCP(c2ccccc2)c2ccccc2)c2ccccc2)cc1.c1ccc(P(c2ccccc2)c2ccccn2)cc1,tmqm,OTHER,c1ccc(P(CCCCP(c2ccccc2)c2ccccc2)c2ccccc2)cc1.c1ccc(P(c2ccccc2)c2ccccn2)cc1.c1cncnc1,19
[S-]C1=NCCS1.c1ccc(P(CCCCP(c2ccccc2)c2ccccc2)c2ccccc2)cc1.c1ccc(P(c2ccccc2)c2ccccn2)cc1,tmqm,OTHER,C1=NCCS1.c1ccc(P(CCCCP(c2ccccc2)c2ccccc2)c2ccccc2)cc1.c1ccc(P(c2ccccc2)c2ccccn2)cc1,19
[S-]C1=NCCS1.c1ccc(P(CCCCP(c2ccccc2)c2ccccc2)c2ccccc2)cc1.c1ccc(P(c2ccccc2)c2ccccn2)cc1,tmqm,OTHER,C1=NCCS1.c1ccc(P(CCCCP(c2ccccc2)c2ccccc2)c2ccccc2)cc1.c1ccc(P(c2ccccc2)c2ccccn2)cc1,19
[S-]c1ncccn1.c1ccc(P(CCCCP(c2ccccc2)c2ccccc2)c2ccccc2)cc1.c1ccc(P(c2ccccc2)c2ccccn2)cc1,tmqm,OTHER,c1ccc(P(CCCCP(c2ccccc2)c2ccccc2)c2ccccc2)cc1.c1ccc(P(c2ccccc2)c2ccccn2)cc1.c1cncnc1,19
CN1CC[N]2(Cc3ccc4C[N]56->[Y+3]<-2(<-[CH2-][Si](C)(C)C)(<-[CH2-][Si](C)(C)C)(<-[n-]34)<-[N](C)(CC5)CC6)CC1,tmqm,OTHER,c1cc2C[N]3(->[Y+3]4(<-[n-]2c1)<-[NH]1CC[NH]->4CC1)CCNCC3,20
CN1CC[N]2(Cc3ccc4C[N]56->[Y+3]<-2(<-[Cl-])(<-[N-]([Si](C)(C)C)[Si](C)(C)C)(<-[n-]34)<-[N](C)(CC5)CC6)CC1,tmqm,OTHER,c1cc2C[N]3(->[Y+3]4(<-[n-]2c1)<-[NH]1CC[NH]->4CC1)CCNCC3,20
CCc1cccc(CC)c1NC1=[O]->[Y+3]23(<-[O]=C(Nc4c(CC)cccc4CC)C4CC5CCCC5[N+]4(CCC[N+]4([O-]->2)C1CC1CCCC14)[O-]->3)(<-[O-]S(=O)(=O)C(F)(F)F)(<-[O-]S(=O)(=O)C(F)(F)F)(<-[OH]C)<-[OH]C,platinai,Pt,c1ccc(NC2=[O]->[Y+3]34<-[O]=C(Nc5ccccc5)C5CC6CCCC6[N+]5(CCC[N+]5([O-]->3)C2CC2CCCC25)[O-]->4)cc1,21
Cc1ccc(C(C)C)cc1.[Cl-].[O-]/C(=N\N=C/c1cccs1)c1ccc(Br)cc1,tmqm,OTHER,C(=N/N=C\c1cccs1)c1ccccc1.c1ccccc1,22
[Cl-].[O-]/C(=N\N=C/c1cccs1)c1ccc(Br)cc1.c1ccccc1,platinai,Pt,C(=N/N=C\c1cccs1)c1ccccc1.c1ccccc1,22
[Cl-].[O-]/C(=N\N=C/c1cccs1)c1ccccc1.c1ccccc1,tmqm,OTHER,C(=N/N=C\c1cccs1)c1ccccc1.c1ccccc1,22
COc1ccc(/C([O-])=N/N=C\c2cccs2)cc1.Cc1ccc(C(C)C)cc1.[Cl-],tmqm,OTHER,C(=N/N=C/c1ccccc1)/c1cccs1.c1ccccc1,22
Cc1ccc(C(C)C)cc1.[Cl-].[O-]/C(=N\N=C/c1cccs1)c1ccccc1,tmqm,OTHER,C(=N/N=C\c1cccs1)c1ccccc1.c1ccccc1,22
Cc1ccc(C(C)C)cc1.[Cl-].[O-]/C(=N\N=C/c1cccs1)c1ccc(Cl)cc1,tmqm,OTHER,C(=N/N=C\c1cccs1)c1ccccc1.c1ccccc1,22
[Cl-].[O-]/C(=N\N=C/c1cccs1)c1ccc(Cl)cc1.c1ccccc1,metal_cytotox,OTHER,C(=N/N=C\c1cccs1)c1ccccc1.c1ccccc1,22
COc1ccc(/C([O-])=N/N=C\c2cccs2)cc1.[Cl-].c1ccccc1,tmqm,OTHER,C(=N/N=C/c1ccccc1)/c1cccs1.c1ccccc1,22
Cc1ccc(C(C)C)cc1.[Cl-].[O-]/C(=N\N=C/c1cccs1)c1ccccc1,tmqm,OTHER,C(=N/N=C\c1cccs1)c1ccccc1.c1ccccc1,22
[Cl-].[O-]/C(=N\N=C/c1cccs1)c1ccccc1.c1ccccc1,platinai,Pt,C(=N/N=C\c1cccs1)c1ccccc1.c1ccccc1,22
COc1ccc(/C([O-])=N/N=C\c2cccs2)cc1.[Cl-].c1ccccc1,tmqm,OTHER,C(=N/N=C/c1ccccc1)/c1cccs1.c1ccccc1,22
[Cl-].[O-]/C(=N\N=C/c1cccs1)c1ccc(Br)cc1.c1ccccc1,tmqm,OTHER,C(=N/N=C\c1cccs1)c1ccccc1.c1ccccc1,22
[Cl-].[O-]/C(=N\N=C/c1cccs1)c1ccc(Cl)cc1.c1ccccc1,tmqm,OTHER,C(=N/N=C\c1cccs1)c1ccccc1.c1ccccc1,22
CC[SiH](CC)[CH]1=[Si](C)[N-]([Si](C)(C)C)->[Y+3]<-123(<-[n]1c(C)cc(C)n1[BH-](n1c(C)cc(C)[n]->21)n1c(C)cc(C)[n]->31)<-[O]1CCCC1.[CH3-],tmqm,OTHER,c1cn2[BH-]3n4ccc[n]4->[Y+3](<-[n]2c1)(<-[n]1cccn13)<-[O]1CCCC1,24
Cc1cc(C)[n]2->[Y+3]34(<-[S-][Si](C)(C)[N-]->3[Si](C)(C)C)(<-[n]3c(C)cc(C)n3[BH-](n12)n1c(C)cc(C)[n]->41)<-[O]1CCCC1,tmqm,OTHER,c1cn2[BH-]3n4ccc[n]4->[Y+3](<-[n]2c1)(<-[n]1cccn13)<-[O]1CCCC1,24
Cc1cc(C(C)(C)C)[n]2->[Y+3]3(<-[CH3-])(<-[PH-]c4c(C(C)C)cccc4C(C)C)<-[n]4c(C(C)(C)C)cc(C)n4[BH-](n12)n1c(C)cc(C(C)(C)C)[n]->31,tmqm,OTHER,c1ccc([PH-]->[Y+3]23<-[n]4cccn4[BH-](n4ccc[n]->24)n2ccc[n]->32)cc1,26
[Cl-].c1ccc(P(c2ccccc2)c2ccccc2)cc1.c1ccc2[nH]cnc2c1.c1cnn(C(n2cccn2)n2cccn2)c1,tmqm,OTHER,c1ccc(P(c2ccccc2)c2ccccc2)cc1.c1ccc2[nH]cnc2c1.c1cnn(C(n2cccn2)n2cccn2)c1,27
[Cl-].c1ccc(P(c2ccccc2)c2ccccc2)cc1.c1ccc2[nH]cnc2c1.c1cnn(C(n2cccn2)n2cccn2)c1,tmqm,OTHER,c1ccc(P(c2ccccc2)c2ccccc2)cc1.c1ccc2[nH]cnc2c1.c1cnn(C(n2cccn2)n2cccn2)c1,27
[Cl-].c1ccc(P(c2ccccc2)c2ccccc2)cc1.c1ccc2[nH]cnc2c1.c1cnn(C(n2cccn2)n2cccn2)c1,platinai,Pt,c1ccc(P(c2ccccc2)c2ccccc2)cc1.c1ccc2[nH]cnc2c1.c1cnn(C(n2cccn2)n2cccn2)c1,27
[Cl-].c1ccc(P(c2ccccc2)c2ccccc2)cc1.c1ccc2[nH]cnc2c1.c1cnn(C(n2cccn2)n2cccn2)c1,platinai,Pt,c1ccc(P(c2ccccc2)c2ccccc2)cc1.c1ccc2[nH]cnc2c1.c1cnn(C(n2cccn2)n2cccn2)c1,27
O=C1[O-]->[Pt+2]2(<-[NH2]C3CCCC3[NH2]->2)<-[O-]C(=O)c2c1cccc2[N+](=O)[O-],tmqm,Pt,O=C([O-]->[Pt+2]<-[NH2]C1CCCC1)c1ccccc1,30
O=C([O-])c1ccc2C(=O)[O-]->[Pt+2]3(<-[NH2]C4CCCCC4[NH2]->3)<-[O-]C(=O)c2c1,tmqm,Pt,O=C([O-]->[Pt+2]<-[NH2]C1CCCCC1)c1ccccc1,30
CC1=CC(C)=[N](c2c(C(C)C)cccc2C(C)C)->[YH+2](<-[C-](=[SiH]c2ccccc2)[SiH2]c2ccccc2)(<-[N](=[Si](C)C)[Si](C)(C)C)<-[N-]1c1c(C(C)C)cccc1C(C)C,tmqm,OTHER,C=[N](c1ccccc1)->[Y+2](<-[NH-]c1ccccc1)<-[C-](=[SiH]c1ccccc1)[SiH2]c1ccccc1,31
[Cl-].[Cl-].c1ccc(-c2ccnc3c2ccc2c(-c4ccccc4)ccnc23)cc1.c1ccc(-c2ccnc3c2ccc2c(-c4ccccc4)ccnc23)cc1,metal_cytotox,OTHER,c1ccc(-c2ccnc3c2ccc2c(-c4ccccc4)ccnc23)cc1.c1ccc(-c2ccnc3c2ccc2c(-c4ccccc4)ccnc23)cc1,32
Cc1occc(=O)c1[O-].c1ccc(-c2ccnc3c2ccc2c(-c4ccccc4)ccnc23)cc1.c1ccc(-c2ccnc3c2ccc2c(-c4ccccc4)ccnc23)cc1,tmqm,OTHER,O=c1ccocc1.c1ccc(-c2ccnc3c2ccc2c(-c4ccccc4)ccnc23)cc1.c1ccc(-c2ccnc3c2ccc2c(-c4ccccc4)ccnc23)cc1,32
Cc1occc(=O)c1[O-].c1ccc(-c2ccnc3c2ccc2c(-c4ccccc4)ccnc23)cc1.c1ccc(-c2ccnc3c2ccc2c(-c4ccccc4)ccnc23)cc1,tmqm,OTHER,O=c1ccocc1.c1ccc(-c2ccnc3c2ccc2c(-c4ccccc4)ccnc23)cc1.c1ccc(-c2ccnc3c2ccc2c(-c4ccccc4)ccnc23)cc1,32
[Cl-].[Cl-].c1ccc(-c2ccnc3c2ccc2c(-c4ccccc4)ccnc23)cc1.c1ccc(-c2ccnc3c2ccc2c(-c4ccccc4)ccnc23)cc1,metal_cytotox,OTHER,c1ccc(-c2ccnc3c2ccc2c(-c4ccccc4)ccnc23)cc1.c1ccc(-c2ccnc3c2ccc2c(-c4ccccc4)ccnc23)cc1,32
[Cl-].[Cl-].c1ccc(-c2ccnc3c2ccc2c(-c4ccccc4)ccnc23)cc1.c1ccc(-c2ccnc3c2ccc2c(-c4ccccc4)ccnc23)cc1,tmqm,OTHER,c1ccc(-c2ccnc3c2ccc2c(-c4ccccc4)ccnc23)cc1.c1ccc(-c2ccnc3c2ccc2c(-c4ccccc4)ccnc23)cc1,32
Cc1occc(=O)c1[O-].c1ccc(-c2ccnc3c2ccc2c(-c4ccccc4)ccnc23)cc1.c1ccc(-c2ccnc3c2ccc2c(-c4ccccc4)ccnc23)cc1,tmqm,OTHER,O=c1ccocc1.c1ccc(-c2ccnc3c2ccc2c(-c4ccccc4)ccnc23)cc1.c1ccc(-c2ccnc3c2ccc2c(-c4ccccc4)ccnc23)cc1,32
[Cl-].[Cl-].c1ccc(-c2ccnc3c2ccc2c(-c4ccccc4)ccnc23)cc1.c1ccc(-c2ccnc3c2ccc2c(-c4ccccc4)ccnc23)cc1,tmqm,OTHER,c1ccc(-c2ccnc3c2ccc2c(-c4ccccc4)ccnc23)cc1.c1ccc(-c2ccnc3c2ccc2c(-c4ccccc4)ccnc23)cc1,32
[Cl-].[Cl-].c1ccc(-c2ccnc3c2ccc2c(-c4ccccc4)ccnc23)cc1.c1ccc(-c2ccnc3c2ccc2c(-c4ccccc4)ccnc23)cc1,tmqm,OTHER,c1ccc(-c2ccnc3c2ccc2c(-c4ccccc4)ccnc23)cc1.c1ccc(-c2ccnc3c2ccc2c(-c4ccccc4)ccnc23)cc1,32
Cc1occc(=O)c1[O-].c1ccc(-c2ccnc3c2ccc2c(-c4ccccc4)ccnc23)cc1.c1ccc(-c2ccnc3c2ccc2c(-c4ccccc4)ccnc23)cc1,tmqm,OTHER,O=c1ccocc1.c1ccc(-c2ccnc3c2ccc2c(-c4ccccc4)ccnc23)cc1.c1ccc(-c2ccnc3c2ccc2c(-c4ccccc4)ccnc23)cc1,32
[Cl-].[Cl-].c1ccc(-c2ccnc3c2ccc2c(-c4ccccc4)ccnc23)cc1.c1ccc(-c2ccnc3c2ccc2c(-c4ccccc4)ccnc23)cc1,platinai,Pt,c1ccc(-c2ccnc3c2ccc2c(-c4ccccc4)ccnc23)cc1.c1ccc(-c2ccnc3c2ccc2c(-c4ccccc4)ccnc23)cc1,32
Cc1c[c]23->[Sc+3]4567(<-[CH2-][Si](C)(C)C)(<-[CH2-][Si](C)(C)C)<-[n]8cccc9cccc(-[c-]->4([c]->5(C)[c]->62C)[c]->73s1)c98,tmqm,OTHER,c1cc2-[c-]34->[Sc+3]567(<-[cH]([cH]->53)[c]->63ccs[c]->734)<-[n]3cccc(c1)c23,35
O=c1c(-c2ccc(O)cc2)coc2cc(O)cc([O-])c12.c1ccc(-c2ccnc3c2ccc2c(-c4ccccc4)ccnc23)cc1.c1ccc(-c2ccnc3c2ccc2c(-c4ccccc4)ccnc23)cc1,tmqm,OTHER,O=c1c(-c2ccccc2)coc2ccccc12.c1ccc(-c2ccnc3c2ccc2c(-c4ccccc4)ccnc23)cc1.c1ccc(-c2ccnc3c2ccc2c(-c4ccccc4)ccnc23)cc1,37
O=c1c(-c2ccc(O)cc2)coc2cc(O)cc([O-])c12.c1ccc(-c2ccnc3c2ccc2c(-c4ccccc4)ccnc23)cc1.c1ccc(-c2ccnc3c2ccc2c(-c4ccccc4)ccnc23)cc1,tmqm,OTHER,O=c1c(-c2ccccc2)coc2ccccc12.c1ccc(-c2ccnc3c2ccc2c(-c4ccccc4)ccnc23)cc1.c1ccc(-c2ccnc3c2ccc2c(-c4ccccc4)ccnc23)cc1,37
COc1ccc(/C([O-])=N/N=C\C2=CNC3C=CC=CC23)cc1.[Cl-].c1ccccc1,tmqm,OTHER,C1=CC2NC=C(/C=N\N=C\c3ccccc3)C2C=C1.c1ccccc1,38
[Cl-].[O-]/C(=N\N=C/C1=CNC2C=CC=CC12)c1ccccc1.c1ccccc1,tmqm,OTHER,C1=CC2NC=C(/C=N\N=Cc3ccccc3)C2C=C1.c1ccccc1,38
Cc1ccc(C(C)C)cc1.[Cl-].[O-]/C(=N\N=C/C1=CNC2C=CC=CC12)c1ccccc1,tmqm,OTHER,C1=CC2NC=C(/C=N\N=Cc3ccccc3)C2C=C1.c1ccccc1,38
[Cl-].[O-]/C(=N\N=C/C1=CNC2C=CC=CC12)c1ccccc1.c1ccccc1,tmqm,OTHER,C1=CC2NC=C(/C=N\N=Cc3ccccc3)C2C=C1.c1ccccc1,38
Cc1ccc(C(C)C)cc1.[Cl-].[O-]/C(=N\N=C/C1=CNC2C=CC=CC12)c1ccccc1,tmqm,OTHER,C1=CC2NC=C(/C=N\N=Cc3ccccc3)C2C=C1.c1ccccc1,38
[Cl-].[O-]/C(=N\N=C/C1=CNC2C=CC=CC12)c1ccc(Cl)cc1.c1ccccc1,tmqm,OTHER,C1=CC2NC=C(/C=N\N=Cc3ccccc3)C2C=C1.c1ccccc1,38
[Cl-].[O-]/C(=N\N=C/C1=CNC2C=CC=CC12)c1ccccc1.c1ccccc1,tmqm,OTHER,C1=CC2NC=C(/C=N\N=Cc3ccccc3)C2C=C1.c1ccccc1,38
COc1ccc(/C([O-])=N/N=C\C2=CNC3C=CC=CC23)cc1.Cc1ccc(C(C)C)cc1.[Cl-],platinai,Pt,C1=CC2NC=C(/C=N\N=C\c3ccccc3)C2C=C1.c1ccccc1,38
Cc1ccc(C(C)C)cc1.[Cl-].[O-]/C(=N\N=C/C1=CNC2C=CC=CC12)c1ccc(Cl)cc1,tmqm,OTHER,C1=CC2NC=C(/C=N\N=Cc3ccccc3)C2C=C1.c1ccccc1,38
[Cl-].[O-]/C(=N\N=C/C1=CNC2C=CC=CC12)c1ccc(Cl)cc1.c1ccccc1,tmqm,OTHER,C1=CC2NC=C(/C=N\N=Cc3ccccc3)C2C=C1.c1ccccc1,38
[Cl-].[O-]/C(=N\N=C/C1=CNC2C=CC=CC12)c1ccc(Cl)cc1.c1ccccc1,tmqm,OTHER,C1=CC2NC=C(/C=N\N=Cc3ccccc3)C2C=C1.c1ccccc1,38
COc1ccc(/C([O-])=N/N=C\C2=CNC3C=CC=CC23)cc1.[Cl-].c1ccccc1,tmqm,OTHER,C1=CC2NC=C(/C=N\N=C\c3ccccc3)C2C=C1.c1ccccc1,38
COc1ccc(/C([O-])=N/N=C\C2=CNC3C=CC=CC23)cc1.[Cl-].c1ccccc1,tmqm,OTHER,C1=CC2NC=C(/C=N\N=C\c3ccccc3)C2C=C1.c1ccccc1,38
Cc1ccc(C(C)C)cc1.[Cl-].[O-]/C(=N\N=C/C1=CNC2C=CC=CC12)c1ccc(Cl)cc1,tmqm,OTHER,C1=CC2NC=C(/C=N\N=Cc3ccccc3)C2C=C1.c1ccccc1,38
COc1ccc(/C([O-])=N/N=C\C2=CNC3C=CC=CC23)cc1.Cc1ccc(C(C)C)cc1.[Cl-],platinai,Pt,C1=CC2NC=C(/C=N\N=C\c3ccccc3)C2C=C1.c1ccccc1,38
C[N]12->[Y+3]3(<-[CH3-])(<-[CH3-])(<-[O-]S(=O)(=O)C(F)(F)F)<-[N](C)(CC1)CC[N]->3(C)CC2,tmqm,OTHER,C1CNCCNCCN1,39
C[N]12->[Y+3]3(<-[Cl-])(<-[Cl-])(<-[Cl-])<-[N](C)(CC1)CC[N]->3(C)CC2,tmqm,OTHER,C1CNCCNCCN1,39
C[N]12->[Y+3]3(<-[CH3-])(<-[CH3-])(<-[CH3-])<-[N](C)(CC1)CC[N]->3(C)CC2,tmqm,OTHER,C1CNCCNCCN1,39
C=C[O-]->[Y+3]1234(<-[CH2-][c]->15cccc[c]->25[N]->3(C)C)(<-[N](=C(N(Cc1ccccc1)Cc1ccccc1)[N-]->4c1c(C(C)C)cccc1C(C)C)c1c(C(C)C)cccc1C(C)C)<-[O]1CCCC1,tmqm,OTHER,c1ccc(CN(Cc2ccccc2)C2=[N](c3ccccc3)->[Y+3]3(<-[cH]4cccc[cH]->34)(<-[N-]2c2ccccc2)<-[O]2CCCC2)cc1,41
CC1(C)CCC(C)(C)c2c[c]34->[Y+]5678(<-[CH][Si](C)(C)C)(<-[CH][Si](C)(C)C)(<-[n]9ccccc9C[c]->5([c]->63cc21)[c]->71cc2c(c[c-]->814)C(C)(C)CCC2(C)C)<-[O]1CCCC1,tmqm,OTHER,c1cc[n](->[Y+]2345(<-[cH]6[c]->27cc2c(c[c]->37[c-]->43cc4c(c[c]->563)CCCC4)CCCC2)<-[O]2CCCC2)cc1,44
CC1=CC(C)=[N](c2ccc(F)cc2)->[Sc+3](<-[CH2-][Si](C)(C)C)(<-[CH2-][Si](C)(C)C)(<-[N-]1c1ccc(F)cc1)<-[O]1CCCC1,tmqm,OTHER,C=[N](c1ccccc1)->[Sc+3](<-[NH-]c1ccccc1)<-[O]1CCCC1,45
CC1=CC(C)=[N](c2ccccc2F)->[Sc+3](<-[CH2-][Si](C)(C)C)(<-[CH2-][Si](C)(C)C)(<-[N-]1c1ccccc1F)<-[O]1CCCC1,tmqm,OTHER,C=[N](c1ccccc1)->[Sc+3](<-[NH-]c1ccccc1)<-[O]1CCCC1,45
CC1=CC(C)=[N](c2c(F)cccc2F)->[Sc+3](<-[CH2-][Si](C)(C)C)(<-[CH2-][Si](C)(C)C)(<-[N-]1c1c(F)cccc1F)<-[O]1CCCC1,tmqm,OTHER,C=[N](c1ccccc1)->[Sc+3](<-[NH-]c1ccccc1)<-[O]1CCCC1,45
c1cc[n]2->[Pt]3(<-[NH2]CC[NH2]->3)<-[n]3ccccc3-c2c1,platinai,Pt,c1ccc(-c2cccc[nH]2)[nH]c1,49
[Cl-]->[Y+3](<-[Cl-])(<-[n]1ccccc1)(<-[n]1ccccc1)(<-[n]1ccccc1)(<-[n]1ccccc1)<-[n]1ccccc1,tmqm,OTHER,c1cc[n](->[Y+3](<-[n]2ccccc2)(<-[n]2ccccc2)(<-[n]2ccccc2)<-[n]2ccccc2)cc1,52
FC(F)(F)C([O-]->[Y+3](<-[O-]C(C(F)(F)F)C(F)(F)F)(<-[n]1ccccc1)(<-[n]1ccccc1)(<-[n]1ccccc1)(<-[n]1ccccc1)<-[n]1ccccc1)C(F)(F)F,tmqm,OTHER,c1cc[n](->[Y+3](<-[n]2ccccc2)(<-[n]2ccccc2)(<-[n]2ccccc2)<-[n]2ccccc2)cc1,52
C[Si](C)(C)[O-]->[Y+3](<-[O-][Si](C)(C)C)(<-[n]1ccccc1)(<-[n]1ccccc1)(<-[n]1ccccc1)(<-[n]1ccccc1)<-[n]1ccccc1,tmqm,OTHER,c1cc[n](->[Y+3](<-[n]2ccccc2)(<-[n]2ccccc2)(<-[n]2ccccc2)<-[n]2ccccc2)cc1,52
CC(C)[Si](C#Cc1c2ccccc2c(C2=CC=CC3=C4C=CC5c6cccc(-c7c8ccccc8c(C#C[Si](C(C)C)(C(C)C)C(C)C)c8ccccc78)[n]6->[Y+3](<-[N]=54)(<-[N-]23)(<-[n-]2ccc3ccccc32)<-[n-]2ccc3ccccc32)c2ccccc12)(C(C)C)C(C)C,tmqm,OTHER,C1=CC2=C3C=CC4c5cccc(-c6c7ccccc7cc7ccccc67)[n]5->[Y+3](<-[N]=43)(<-[N-]2C(c2c3ccccc3cc3ccccc23)=C1)(<-[n-]1ccc2ccccc21)<-[n-]1ccc2ccccc21,53
CSC(S)=NN=Cc1ccc([O-])cc1[O-].[C-]#[O+].c1ccc(P(c2ccccc2)c2ccccc2)cc1.c1ccc(P(c2ccccc2)c2ccccc2)cc1,tmqm,OTHER,c1ccc(P(c2ccccc2)c2ccccc2)cc1.c1ccc(P(c2ccccc2)c2ccccc2)cc1.c1ccccc1,54
CSC(S)=NN=Cc1ccc([O-])cc1[O-].[C-]#[O+].c1ccc(P(c2ccccc2)c2ccccc2)cc1.c1ccc(P(c2ccccc2)c2ccccc2)cc1,tmqm,OTHER,c1ccc(P(c2ccccc2)c2ccccc2)cc1.c1ccc(P(c2ccccc2)c2ccccc2)cc1.c1ccccc1,54
CC[O](CC)->[Sc+3]123<-[O-]C(c4ccccc4[P]->1(c1ccccc1C([O-]->2)(C(F)(F)F)C(F)(F)F)c1ccccc1C([O-]->3)(C(F)(F)F)C(F)(F)F)(C(F)(F)F)C(F)(F)F,tmqm,OTHER,c1ccc(P(c2ccccc2)c2ccccc2)cc1,54
CSC(S)=NN=Cc1ccc([O-])cc1[O-].[C-]#[O+].c1ccc(P(c2ccccc2)c2ccccc2)cc1.c1ccc(P(c2ccccc2)c2ccccc2)cc1,tmqm,OTHER,c1ccc(P(c2ccccc2)c2ccccc2)cc1.c1ccc(P(c2ccccc2)c2ccccc2)cc1.c1ccccc1,54
CSC(S)=NN=Cc1ccc([O-])cc1[O-].[C-]#[O+].c1ccc(P(c2ccccc2)c2ccccc2)cc1.c1ccc(P(c2ccccc2)c2ccccc2)cc1,tmqm,OTHER,c1ccc(P(c2ccccc2)c2ccccc2)cc1.c1ccc(P(c2ccccc2)c2ccccc2)cc1.c1ccccc1,54
CSC(S)=NN=Cc1ccc([O-])cc1[O-].[C-]#[O+].c1ccc(P(c2ccccc2)c2ccccc2)cc1.c1ccc(P(c2ccccc2)c2ccccc2)cc1,tmqm,OTHER,c1ccc(P(c2ccccc2)c2ccccc2)cc1.c1ccc(P(c2ccccc2)c2ccccc2)cc1.c1ccccc1,54
COc1cc(/C=C/C(=O)/C=C([O-])/C=C/c2ccc(O)c(OC)c2)ccc1O.c1ccc(-c2ccccn2)nc1.c1ccc(-c2ccccn2)nc1,tmqm,OTHER,O=C(/C=C/C=C/c1ccccc1)/C=C/c1ccccc1.c1ccc(-c2ccccn2)nc1.c1ccc(-c2ccccn2)nc1,58
COc1cc(/C=C/C(=O)/C=C([O-])/C=C/c2ccc(O)c(OC)c2)ccc1O.c1ccc(-c2ccccn2)nc1.c1ccc2cc3nc4c5cccnc5c5ncccc5c4nc3cc2c1,tmqm,OTHER,O=C(/C=C/C=C/c1ccccc1)/C=C/c1ccccc1.c1ccc(-c2ccccn2)nc1.c1ccc2cc3nc4c5cccnc5c5ncccc5c4nc3cc2c1,58
COc1cc(/C=C/C(=O)/C=C([O-])/C=C/c2ccc(O)c(OC)c2)ccc1O.c1ccc(-c2ccccn2)nc1.c1ccc2cc3nc4c5cccnc5c5ncccc5c4nc3cc2c1,tmqm,OTHER,O=C(/C=C/C=C/c1ccccc1)/C=C/c1ccccc1.c1ccc(-c2ccccn2)nc1.c1ccc2cc3nc4c5cccnc5c5ncccc5c4nc3cc2c1,58
COc1cc(/C=C/C(=O)/C=C([O-])/C=C/c2ccc(O)c(OC)c2)ccc1O.c1ccc(-c2ccccn2)nc1.c1ccc(-c2ccccn2)nc1,tmqm,OTHER,O=C(/C=C/C=C/c1ccccc1)/C=C/c1ccccc1.c1ccc(-c2ccccn2)nc1.c1ccc(-c2ccccn2)nc1,58
COc1cc(/C=C/C(=O)/C=C([O-])/C=C/c2ccc(O)c(OC)c2)ccc1O.c1ccc(-c2ccccn2)nc1.c1ccc2cc3nc4c5cccnc5c5ncccc5c4nc3cc2c1,tmqm,OTHER,O=C(/C=C/C=C/c1ccccc1)/C=C/c1ccccc1.c1ccc(-c2ccccn2)nc1.c1ccc2cc3nc4c5cccnc5c5ncccc5c4nc3cc2c1,58
COc1ccccc1[N]1=C([N-]2c3ccccc3[O](C)->[Y+3]<-1<-2345<-[N-](c1ccccc1[O]->3C)C(Cc1ccccc1N(C)C)([N-]->4c1ccccc1[O]->5C)C(C)(C)C)C(C)(C)C,platinai,Pt,C1=[N](c2ccccc2)->[Y+3]2(<-[N-]1c1ccccc1)<-[N-](c1ccccc1)C(Cc1ccccc1)[N-]->2c1ccccc1,59
C[Si](C)(C)[Si-]1([Si](C)(C)C)[Si](C)(C)[O]2[Si](C)(C)[Si-]([Si](C)(C)C)([Si](C)(C)C)->[Y+3]<-2<-13456789%10(<-[cH]1[cH]->3[cH]->4[cH-]->5[cH]->61)<-[cH]1[cH]->7[cH]->8[cH-]->9[cH]->%101,tmqm,OTHER,[cH]12->[Y+3]3456789(<-[cH]1[cH]->3[cH-]->4[cH]->52)<-[cH]1[cH]->6[cH]->7[cH-]->8[cH]->91,61
CC(C)[N]1=C(N(C)C)[N-](C(C)C)->[Y+3]<-123456789(<-[cH]1[cH]->2[cH]->3[cH-]->4[cH]->51)<-[cH]1[cH]->6[cH]->7[cH-]->8[cH]->91,metal_cytotox,OTHER,[cH]12->[Y+3]3456789(<-[cH]1[cH]->3[cH-]->4[cH]->52)<-[cH]1[cH]->6[cH]->7[cH-]->8[cH]->91,61
O=c1cc(-c2ccccc2)oc2cc(O)cc([O-])c12.c1ccc(-c2ccnc3c2ccc2c(-c4ccccc4)ccnc23)cc1.c1ccc(-c2ccnc3c2ccc2c(-c4ccccc4)ccnc23)cc1,tmqm,OTHER,O=c1cc(-c2ccccc2)oc2ccccc12.c1ccc(-c2ccnc3c2ccc2c(-c4ccccc4)ccnc23)cc1.c1ccc(-c2ccnc3c2ccc2c(-c4ccccc4)ccnc23)cc1,63
O=c1cc(-c2ccccc2)oc2cc(O)cc([O-])c12.c1ccc(-c2ccnc3c2ccc2c(-c4ccccc4)ccnc23)cc1.c1ccc(-c2ccnc3c2ccc2c(-c4ccccc4)ccnc23)cc1,tmqm,OTHER,O=c1cc(-c2ccccc2)oc2ccccc12.c1ccc(-c2ccnc3c2ccc2c(-c4ccccc4)ccnc23)cc1.c1ccc(-c2ccnc3c2ccc2c(-c4ccccc4)ccnc23)cc1,63
O=c1c(O)c(-c2ccc(O)cc2O)oc2cc(O)cc([O-])c12.c1ccc(-c2ccnc3c2ccc2c(-c4ccccc4)ccnc23)cc1.c1ccc(-c2ccnc3c2ccc2c(-c4ccccc4)ccnc23)cc1,tmqm,OTHER,O=c1cc(-c2ccccc2)oc2ccccc12.c1ccc(-c2ccnc3c2ccc2c(-c4ccccc4)ccnc23)cc1.c1ccc(-c2ccnc3c2ccc2c(-c4ccccc4)ccnc23)cc1,63
O=c1cc(-c2ccccc2)oc2cccc([O-])c12.c1ccc(-c2ccnc3c2ccc2c(-c4ccccc4)ccnc23)cc1.c1ccc(-c2ccnc3c2ccc2c(-c4ccccc4)ccnc23)cc1,tmqm,OTHER,O=c1cc(-c2ccccc2)oc2ccccc12.c1ccc(-c2ccnc3c2ccc2c(-c4ccccc4)ccnc23)cc1.c1ccc(-c2ccnc3c2ccc2c(-c4ccccc4)ccnc23)cc1,63
O=c1c(O)c(-c2ccc(O)cc2O)oc2cc(O)cc([O-])c12.c1ccc(-c2ccnc3c2ccc2c(-c4ccccc4)ccnc23)cc1.c1ccc(-c2ccnc3c2ccc2c(-c4ccccc4)ccnc23)cc1,tmqm,OTHER,O=c1cc(-c2ccccc2)oc2ccccc12.c1ccc(-c2ccnc3c2ccc2c(-c4ccccc4)ccnc23)cc1.c1ccc(-c2ccnc3c2ccc2c(-c4ccccc4)ccnc23)cc1,63
O=c1cc(-c2ccccc2)oc2cccc([O-])c12.c1ccc(-c2ccnc3c2ccc2c(-c4ccccc4)ccnc23)cc1.c1ccc(-c2ccnc3c2ccc2c(-c4ccccc4)ccnc23)cc1,tmqm,OTHER,O=c1cc(-c2ccccc2)oc2ccccc12.c1ccc(-c2ccnc3c2ccc2c(-c4ccccc4)ccnc23)cc1.c1ccc(-c2ccnc3c2ccc2c(-c4ccccc4)ccnc23)cc1,63
O=c1c(O)c(-c2ccc(O)cc2O)oc2cc(O)cc([O-])c12.c1ccc(-c2ccnc3c2ccc2c(-c4ccccc4)ccnc23)cc1.c1ccc(-c2ccnc3c2ccc2c(-c4ccccc4)ccnc23)cc1,tmqm,OTHER,O=c1cc(-c2ccccc2)oc2ccccc12.c1ccc(-c2ccnc3c2ccc2c(-c4ccccc4)ccnc23)cc1.c1ccc(-c2ccnc3c2ccc2c(-c4ccccc4)ccnc23)cc1,63
O=c1cc(-c2ccccc2)oc2cccc([O-])c12.c1ccc(-c2ccnc3c2ccc2c(-c4ccccc4)ccnc23)cc1.c1ccc(-c2ccnc3c2ccc2c(-c4ccccc4)ccnc23)cc1,tmqm,OTHER,O=c1cc(-c2ccccc2)oc2ccccc12.c1ccc(-c2ccnc3c2ccc2c(-c4ccccc4)ccnc23)cc1.c1ccc(-c2ccnc3c2ccc2c(-c4ccccc4)ccnc23)cc1,63
O=c1c(O)c(-c2ccc(O)cc2O)oc2cc(O)cc([O-])c12.c1ccc(-c2ccnc3c2ccc2c(-c4ccccc4)ccnc23)cc1.c1ccc(-c2ccnc3c2ccc2c(-c4ccccc4)ccnc23)cc1,tmqm,OTHER,O=c1cc(-c2ccccc2)oc2ccccc12.c1ccc(-c2ccnc3c2ccc2c(-c4ccccc4)ccnc23)cc1.c1ccc(-c2ccnc3c2ccc2c(-c4ccccc4)ccnc23)cc1,63
O=c1c(O)c(-c2ccc(O)cc2O)oc2cc(O)cc([O-])c12.c1ccc(-c2ccnc3c2ccc2c(-c4ccccc4)ccnc23)cc1.c1ccc(-c2ccnc3c2ccc2c(-c4ccccc4)ccnc23)cc1,tmqm,OTHER,O=c1cc(-c2ccccc2)oc2ccccc12.c1ccc(-c2ccnc3c2ccc2c(-c4ccccc4)ccnc23)cc1.c1ccc(-c2ccnc3c2ccc2c(-c4ccccc4)ccnc23)cc1,63
O=c1cc(-c2ccccc2)oc2cc(O)cc([O-])c12.c1ccc(-c2ccnc3c2ccc2c(-c4ccccc4)ccnc23)cc1.c1ccc(-c2ccnc3c2ccc2c(-c4ccccc4)ccnc23)cc1,tmqm,OTHER,O=c1cc(-c2ccccc2)oc2ccccc12.c1ccc(-c2ccnc3c2ccc2c(-c4ccccc4)ccnc23)cc1.c1ccc(-c2ccnc3c2ccc2c(-c4ccccc4)ccnc23)cc1,63
O=c1c(O)c(-c2ccc(O)cc2O)oc2cc(O)cc([O-])c12.c1ccc(-c2ccnc3c2ccc2c(-c4ccccc4)ccnc23)cc1.c1ccc(-c2ccnc3c2ccc2c(-c4ccccc4)ccnc23)cc1,tmqm,OTHER,O=c1cc(-c2ccccc2)oc2ccccc12.c1ccc(-c2ccnc3c2ccc2c(-c4ccccc4)ccnc23)cc1.c1ccc(-c2ccnc3c2ccc2c(-c4ccccc4)ccnc23)cc1,63
Cc1n(C)[c-](->[Sc+3](<-[N-]([Si](C)(C)C)[Si](C)(C)C)(<-[N-]([Si](C)(C)C)[Si](C)(C)C)<-[N-]([Si](C)(C)C)[Si](C)(C)C)c[n+]1C,tmqm,OTHER,[c-]1c[nH+]c[nH]1,64
C[OH]->[Y+3]123(<-[O-]c4c(O)c(Br)c(Br)c(Br)c4Br)(<-[O-]c4c(Br)c(Br)c(Br)c(Br)c4[O-]->1)(<-[n]1ccccc1-c1cccc[n]->21)<-[n]1ccccc1-c1cccc[n]->31,tmqm,OTHER,c1ccc([O-]->[Y+3]23(<-[O-]c4ccccc4)(<-[n]4ccccc4-c4cccc[n]->24)<-[n]2ccccc2-c2cccc[n]->32)cc1,67
CC(C)[N]1=Cc2ccc[n-]2->[Y+3]<-123(<-[N](=Cc1ccc[n-]->21)C(C)C)<-[N](=Cc1ccc[n-]->31)C(C)C,platinai,Pt,c1cc[n-](->[Y+3](<-[n-]2cccc2)<-[n-]2cccc2)c1,71
CN(C)C=[O]->[Y+3](<-[OH2])(<-[OH2])(<-[O]=CN(C)C)(<-[O]=CN(C)C)(<-[O-]S(=O)(=O)c1ccc(N=Nc2ccc(N(C)C)cc2)cc1)(<-[O-]S(=O)(=O)c1ccc(N=Nc2ccc(N(C)C)cc2)cc1)<-[O-]S(=O)(=O)c1ccc(N=Nc2ccc(N(C)C)cc2)cc1,tmqm,OTHER,O=S(=O)([O-]->[Y+3](<-[O-]S(=O)(=O)c1ccc(N=Nc2ccccc2)cc1)<-[O-]S(=O)(=O)c1ccc(N=Nc2ccccc2)cc1)c1ccc(N=Nc2ccccc2)cc1,75
CC12[N]3(->[Y+3]4(<-[CH2-][Si](C)(C)C)(<-[CH2-][Si](C)(C)C)(<-[CH2-][Si](C)(C)C)<-[N](C)(CC[N]->4(C)C1)C2)CCCC3,tmqm,OTHER,C1CC[N]2(C3C[NH]4->[Y+3]<-2<-[NH](CC4)C3)C1,78
CC1=[N](C(C)C)->[Sc+]23456(<-[NH]=C(C(=[NH]->2)c2ccccc2)c2ccccc2)(<-[N-]1C(C)C)<-[c]1(C)[c]->3(C)[c]->4(C)[c-]->5(C)[c]->61C,platinai,Pt,c1ccc(C2=[NH]->[Sc+]3456(<-[NH]=C2c2ccccc2)<-[c-]2[cH]->3[cH]->4[cH]->5[cH]->62)cc1,81
Fc1ccc(C2=C3c4ccccc4C4=[N]3->[Pt+2]35<-[N]6=C(C(c7ccc(F)cc7)=c7c8ccccc8c([n]73)=C4c3ccc(F)cc3)c3ccccc3C6=C(c3ccc(F)cc3)c3c4ccccc4c2[n]35)cc1,platinai,Pt,c1ccc(C2=C3c4ccccc4C4=[N]3->[Pt+2]35<-[N]6=C(C(c7ccccc7)=c7c8ccccc8c([n]73)=C4c3ccccc3)c3ccccc3C6=C(c3ccccc3)c3c4ccccc4c2[n]35)cc1,83
c1ccc(C2=C3c4ccccc4C4=[N]3->[Pt+2]35<-[N]6=C(C(c7ccccc7)=c7c8ccccc8c([n]73)=C4c3ccccc3)c3ccccc3C6=C(c3ccccc3)c3c4ccccc4c2[n]35)cc1,tmqm,Pt,c1ccc(C2=C3c4ccccc4C4=[N]3->[Pt+2]35<-[N]6=C(C(c7ccccc7)=c7c8ccccc8c([n]73)=C4c3ccccc3)c3ccccc3C6=C(c3ccccc3)c3c4ccccc4c2[n]35)cc1,83
[Cl-]->[Sc+3]12(<-[Cl-])(<-[Cl-])<-[n]3ccccc3-c3cc(-c4ccccc4)cc(-c4cccc[n]->14)[n]->23,tmqm,OTHER,c1ccc(-c2cc3-c4cccc[n]4->[Sc+3]4<-[n]5ccccc5-c(c2)[n]->43)cc1,87
[OH2]->[Y+3]123(<-[OH2])(<-[O]=c4cccccc4[O-]->1)(<-[O]=c1cccccc1[O-]->2)<-[O]=c1cccccc1[O-]->3,tmqm,OTHER,c1cccc(=[O]->[Y+3](<-[O]=c2cccccc2)<-[O]=c2cccccc2)cc1,90
CC(C)c1cccc(C(C)C)c1N1[C](->[Sc+3](<-[CH2-][Si](C)(C)C)(<-[CH2-][Si](C)(C)C)<-[CH2-][Si](C)(C)C)C(C)(C)CC1(C)C,metal_cytotox,OTHER,[C]1CCCN1c1ccccc1,93
CC(C)(C)[N-]1Cc2cccc[n]2->[Sc+3]<-12(<-[CH2-][Si](C)(C)C)<-[n]1ccccc1C[N-]->2C(C)(C)C,tmqm,OTHER,c1cc[n](->[Sc+3]<-[n]2ccccc2)cc1,96
C[Si](C)(C)[N-]([Si](C)(C)C)->[Y+3](<-[N-]([Si](C)(C)C)[Si](C)(C)C)(<-[N-]([Si](C)(C)C)[Si](C)(C)C)<-[O]1CCCC1,metal_cytotox,OTHER,C1CCOC1,97
CC[B+](CC)->[YH2+]1(<-[CH2-]C)(<-[CH2-]C)(<-[B+](CC)CC)(<-[N](=C(N([Si](C)(C)C)[Si](C)(C)C)[N-]->1C(C)C)C(C)C)<-[O]1CCCC1,platinai,Pt,C1CCOC1,97
Cc1cc(C)[n]2->[Y+3]34(<-[n]5c(C)cc(C)n5[BH-](n12)n1c(C)cc(C)[n]->31)(<-[N-]([SiH2]c1ccccc1)C(=C[Si](C)(C)[N-]->4[Si](C)(C)C)Cc1ccccc1)<-[O]1CCCC1,tmqm,OTHER,C=C(Cc1ccccc1)[N-]([SiH2]c1ccccc1)->[Y+3]12(<-[n]3cccn3[BH-](n3ccc[n]->13)n1ccc[n]->21)<-[O]1CCCC1,99
Cc1cc(C)[n]2->[Y+3]34(<-[n]5c(C)cc(C)n5[BH-](n12)n1c(C)cc(C)[n]->31)(<-[N-]([SiH2]c1ccccc1)C(=C[Si](C)(C)[N-]->4[Si](C)(C)C)Cc1ccc(F)cc1)<-[O]1CCCC1,tmqm,OTHER,C=C(Cc1ccccc1)[N-]([SiH2]c1ccccc1)->[Y+3]12(<-[n]3cccn3[BH-](n3ccc[n]->13)n1ccc[n]->21)<-[O]1CCCC1,99
COc1ccc(CC2=C[Si](C)(C)[N-]([Si](C)(C)C)->[Y+3]34(<-[n]5c(C)cc(C)n5[BH-](n5c(C)cc(C)[n]->35)n3c(C)cc(C)[n]->43)(<-[N-]2[SiH2]c2ccccc2)<-[O]2CCCC2)cc1,platinai,Pt,C=C(Cc1ccccc1)[N-]([SiH2]c1ccccc1)->[Y+3]12(<-[n]3cccn3[BH-](n3ccc[n]->13)n1ccc[n]->21)<-[O]1CCCC1,99
CN1C=C[N-]2->[Sc+3]3(<-[CH2-][Si](C)(C)C)(<-[CH2-][Si](C)(C)C)<-[CH](c4ccc(C(C)(C)C)cc4-c4n(C)cc[n]->34)=c3ccc(C(C)(C)C)cc3=C12,tmqm,OTHER,C1=C[N-]2->[Sc+3]3<-[CH](c4ccccc4-c4[nH]cc[n]->34)=c3ccccc3=C2N1,101
C[Si](C)(C)[N-]([Si](C)(C)C)->[Y+3]1234(<-[n]5cccn5[BH-](n5ccc[n]->15)n1ccc[n]->21)<-[n]1cccn1[BH-](n1ccc[n]->31)n1ccc[n]->41,tmqm,OTHER,c1cn2[BH-]3n4ccc[n]4->[Y+3]45(<-[n]2c1)(<-[n]1cccn13)<-[n]1cccn1[BH-](n1ccc[n]->41)n1ccc[n]->51,104
CC1=CC(C)=[N]2CC[N](C)(C)->[Sc+]<-2(<-[C](C(C)=PP2N(c3c(C(C)C)cccc3C(C)C)CCN2c2c(C(C)C)cccc2C(C)C)c2ccccc2)<-[N-]1c1c(C(C)C)cccc1C(C)C,tmqm,OTHER,C(=PP1N(c2ccccc2)CCN1c1ccccc1)[C](->[Sc+]<-[NH-]c1ccccc1)c1ccccc1,107
O=[N+]1[O-]->[Y+3]234567(<-[O-]1)(<-[O-][N+](=O)[O-]->2)<-[N]1=Cc2cccc([n]->32)C=[N]->4CC[N]->5=Cc2cccc([n]->62)C=[N]->7CC1,tmqm,OTHER,C1=[N]2->[Y+3]3456<-[N](=Cc7cccc([n]->37)C=[N]->4CC[N]->5=Cc3cccc1[n]->63)CC2,109
S=C=[N-]->[Y+3]12345(<-[N-]=C=S)(<-[N-]=C=S)<-[N]6=Cc7cccc([n]->17)C=[N]->2CC[N]->3=Cc1cccc([n]->41)C=[N]->5CC6,tmqm,OTHER,C1=[N]2->[Y+3]3456<-[N](=Cc7cccc([n]->37)C=[N]->4CC[N]->5=Cc3cccc1[n]->63)CC2,109
S=C=[N-]->[Y+3]12345(<-[N-]=C=S)(<-[N-]=C=S)<-[N]6=Cc7cccc([n]->17)C=[N]->2CCC[N]->3=Cc1cccc([n]->41)C=[N]->5CCC6,tmqm,OTHER,C1=[N]2->[Y+3]3456<-[N](=Cc7cccc([n]->37)C=[N]->4CCC[N]->5=Cc3cccc1[n]->63)CCC2,109
CC(C)c1cccc(C(C)C)c1[N-]1Cc2cccc[n]2->[Y+3]<-12(<-[n]1ccccc1C[N-]->2c1c(C(C)C)cccc1C(C)C)<-[N-]([Si](C)(C)C)[Si](C)(C)C,tmqm,OTHER,c1ccc([NH-]->[Y+3]2(<-[n]3ccccc3)<-[n]3ccccc3C[N-]->2c2ccccc2)cc1,111
CC1=CC(C)=[N](c2c(C)cc(C)cc2C)->[Y+3]23(<-[N-](C[P]->2(c2ccccc2)c2ccccc2)c2ccccc2)(<-[N-](C[P]->3(c2ccccc2)c2ccccc2)c2ccccc2)<-[N-]1c1c(C)cc(C)cc1C,tmqm,OTHER,C=[N](c1ccccc1)->[Y+3](<-[NH-]c1ccccc1)(<-[NH-]c1ccccc1)(<-[NH-]c1ccccc1)(<-[PH](c1ccccc1)c1ccccc1)<-[PH](c1ccccc1)c1ccccc1,114
CC(C)(C)[N-]1Cc2cccc[n]2->[Y+3]<-12(<-[n]1ccccc1C[N-]->2C(C)(C)C)<-[N-]([Si](C)(C)C)[Si](C)(C)C,tmqm,OTHER,c1cc[n](->[Y+3]<-[n]2ccccc2)cc1,118
[Cl-]->[Y+3](<-[Cl-])(<-[O]1CCCC1)(<-[O]1CCCC1)(<-[O]1CCCC1)(<-[O]1CCCC1)<-[O]1CCCC1,tmqm,OTHER,C1CC[O](->[Y+3](<-[O]2CCCC2)(<-[O]2CCCC2)(<-[O]2CCCC2)<-[O]2CCCC2)C1,121
Cc1cc(C)cc([N-](C(C)(C)C)->[Sc+3](<-[N-](c2cc(C)cc(C)c2)C(C)(C)C)(<-[N-](c2cc(C)cc(C)c2)C(C)(C)C)<-[O]2CCCC2)c1,tmqm,OTHER,c1ccc([NH-]->[Sc+3](<-[NH-]c2ccccc2)(<-[NH-]c2ccccc2)<-[O]2CCCC2)cc1,124
[OH2]->[Pt]12<-[n]3ccccc3-c3cccc(-c4cccc[n]->14)[n]->23,tmqm,Pt,c1cc[n]2->[Pt]3<-[n]4ccccc4-c4cccc(-c2c1)[n]->34,128
CC(C)c1cccc(C(C)C)c1[N-](P(C1CCCCC1)C1CCCCC1)->[Y+3]12(<-[CH2-]c3ccccc3[N]->1(C)C)<-[CH2-]c1ccccc1[N]->2(C)C,tmqm,OTHER,c1ccc([CH2-]->[Y+3](<-[CH2-]c2ccccc2)<-[N-](c2ccccc2)P(C2CCCCC2)C2CCCCC2)cc1,131
S=C=[N-]->[Y+3]1234(<-[N-]=C=S)(<-[N-]=C=S)(<-[n]5ccccc5-c5nc(-c6ccccn6)nc(-c6cccc[n]->16)[n]->25)<-[n]1ccccc1-c1nc(-c2ccccn2)nc(-c2cccc[n]->32)[n]->41,platinai,Pt,c1ccc(-c2nc3-c4cccc[n]4->[Y+3]456(<-[n]7ccccc7-c(n2)[n]->43)<-[n]2ccccc2-c2nc(-c3ccccn3)nc(-c3cccc[n]->53)[n]->62)nc1,134
CC(C)(C)[Si](C)(C1=[N](C2CCCCC2)->[Y+3]234(<-[N]([Si](C)(C)C)=P(c5ccccc5)(c5ccccc5)[C-]->2(C(=NC2CCCCC2)[N-]->3C2CCCCC2)P(c2ccccc2)(c2ccccc2)=[N]->4[Si](C)(C)C)<-[N-]1C1CCCCC1)C(C)(C)C,tmqm,OTHER,C1=[N](C2CCCCC2)->[Y+3]234(<-[N]=P(c5ccccc5)(c5ccccc5)[C-]->2(C(=NC2CCCCC2)[N-]->3C2CCCCC2)P(=[NH]->4)(c2ccccc2)c2ccccc2)<-[N-]1C1CCCCC1,137
Cc1cc(C)cc([N-](C(C)(C)C)->[Sc+3](<-[CH2-][Si](C)(C)C)(<-[N-](c2cc(C)cc(C)c2)C(C)(C)C)<-[O]2CCCC2)c1,tmqm,OTHER,c1ccc([NH-]->[Sc+3](<-[NH-]c2ccccc2)<-[O]2CCCC2)cc1,140
Cc1cc(C)cc([N-](C(C)(C)C)->[Sc+3](<-[Cl-])(<-[N-](c2cc(C)cc(C)c2)C(C)(C)C)<-[O]2CCCC2)c1,tmqm,OTHER,c1ccc([NH-]->[Sc+3](<-[NH-]c2ccccc2)<-[O]2CCCC2)cc1,140
O=C1[O-]->[Pt+2]2(<-[NH2]C1CCC1[NH2]->[Pt+2]3(<-[O-]C1=O)<-[n]1ccccc1-c1cccc[n]->31)<-[n]1ccccc1-c1cccc[n]->21,tmqm,Pt,c1cc[n]2->[Pt+2](<-[NH2]CCCC[NH2]->[Pt+2]3<-[n]4ccccc4-c4cccc[n]->34)<-[n]3ccccc3-c2c1,141
c1ccc([S-]->[Pt+2]23<-[n]4ccccc4-c4cccc(-c5cccc[n]->25)[n]->34)cc1,tmqm,Pt,c1ccc([S-]->[Pt+2]23<-[n]4ccccc4-c4cccc(-c5cccc[n]->25)[n]->34)cc1,144
CC(C)c1cccc(C(C)C)c1[N]1=C(N(Cc2ccccc2)Cc2ccccc2)[N-](c2c(C(C)C)cccc2C(C)C)->[Y+3]<-1(<-[NH-]c1ccccc1)(<-[NH-]c1ccccc1)(<-[O]1CCCC1)<-[O]1CCCC1,tmqm,OTHER,c1ccc(CN(Cc2ccccc2)C2=[N](c3ccccc3)->[Y+3](<-[NH-]c3ccccc3)(<-[NH-]c3ccccc3)(<-[N-]2c2ccccc2)(<-[O]2CCCC2)<-[O]2CCCC2)cc1,147
Fc1ccc([P](c2ccc(F)cc2)(c2ccc(F)cc2)[Pt+2]23(<-[CH2]=[CH]->2[CH2-]->3)<-[c-]2ccccc2)cc1,tmqm,Pt,c1ccc([P]([Pt+2]<-[c-]2ccccc2)(c2ccccc2)c2ccccc2)cc1,150
Cc1cc(C)[n]2->[Y+3]345(<-[N]#Cc6ccccc6)(<-[N]([SiH2]c6ccccc6)=C(C=C(c6ccccc6)[N-]->3[Si](C)(C)[N-]->4[Si](C)(C)C)c3ccccc3)<-[n]3c(C)cc(C)n3[BH-](n12)n1c(C)cc(C)[n]->51,tmqm,OTHER,C(#[N]->[Y+3]123(<-[NH-]C(=CC(c4ccccc4)=[N]->1[SiH2]c1ccccc1)c1ccccc1)<-[n]1cccn1[BH-](n1ccc[n]->21)n1ccc[n]->31)c1ccccc1,153
[C]=P([O-]->[Sc+7]12(<-[O-][N+](=O)[O-]->1)(<-[O-][N+](=O)[O-]->2)(<-[O-]P(=[C])(c1ccccc1)c1ccccc1)(<-[O-]P(=[C])(c1ccccc1)c1ccccc1)<-[O-]P(=[C])(c1ccccc1)c1ccccc1)(c1ccccc1)c1ccccc1,platinai,Pt,[C]=P([O-]->[Sc+7](<-[O-]P(=[C])(c1ccccc1)c1ccccc1)(<-[O-]P(=[C])(c1ccccc1)c1ccccc1)<-[O-]P(=[C])(c1ccccc1)c1ccccc1)(c1ccccc1)c1ccccc1,156
C[Si](C)=[CH]([Si](C)(C)C)->[Y+3]123456789(<-[CH3-])<-[cH]%10[c]->1%11cccc[c]->2%11[c]->3([Si](C)(C)[c]->41[c]->52cccc[c]->62[cH]->7[c-]->81C)[c-]->9%10C,tmqm,OTHER,c1cc[c]23->[Y+3]456789%10(<-[c-]([cH]->4[c]->52c1)[cH]->63)<-[c-]1[cH]->7[c]->82cccc[c]->92[cH]->%101,159
c1ccc(P2(=[N+]=P([Se-]->[Y+3]345(<-[Se-]2)(<-[Se-]P(=[N+]=P([Se-]->3)(c2ccccc2)c2ccccc2)(c2ccccc2)c2ccccc2)<-[Se-]P(c2ccccc2)(c2ccccc2)=[N+]->4=P([Se-]->5)(c2ccccc2)c2ccccc2)(c2ccccc2)c2ccccc2)c2ccccc2)cc1,platinai,Pt,c1ccc([PH](c2ccccc2)=[N+]2=P([Se-]->[Y+3]<-234(<-[Se-]P(=[N+]=P([Se-]->3)(c2ccccc2)c2ccccc2)(c2ccccc2)c2ccccc2)<-[Se-]P(=[N+]=P([Se-]->4)(c2ccccc2)c2ccccc2)(c2ccccc2)c2ccccc2)(c2ccccc2)c2ccccc2)cc1,162
NC1N[N](=Cc2ccccn2)->[Pt]2([S]=1)[S]=C(N)N[N]->2=Cc1ccccn1,tmqm,Pt,C(=[NH]->[Pt]<-[NH]=Cc1ccccn1)c1ccccn1,165
C[c]12->[Y+3]3456789(<-[c-]%10ccccc%10)(<-[O]%10CCCC%10)(<-[c]1(C)[c]->3(C)[c-]->4(C)[c]->52C)<-[c]1(C)[c]->6(C)[c]->7(C)[c-]->8(C)[c]->91C,tmqm,OTHER,c1cc[c-](->[Y+3]23456789(<-[c-]%10[cH]->2[cH]->3[cH]->4[cH]->5%10)(<-[c-]2[cH]->6[cH]->7[cH]->8[cH]->92)<-[O]2CCCC2)cc1,168
CC(C)(C)c1cccc(C(C)(C)C)c1[O-]->[Sc+3]1(<-[O-]c2c(C(C)(C)C)cccc2C(C)(C)C)<-[N](C(C)(C)C)=P(c2ccccc2)(c2ccccc2)[N-]->1c1ccc[nH]1,tmqm,OTHER,c1ccc([O-]->[Sc+3]2(<-[NH]=P(c3ccccc3)(c3ccccc3)[N-]->2c2ccc[nH]2)<-[O-]c2ccccc2)cc1,171
O=S1(=O)[O-]->[Pt+2]2(<-[NH2][C@@H](c3ccccc3)[C@@H]([NH2]->2)c2ccccc2)<-[O-]1,platinai,Pt,c1ccc(CCc2ccccc2)cc1,174
CCS(=O)CCS(=O)CC.Cc1occc(=O)c1[O-].Cc1occc(=O)c1[O-],tmqm,OTHER,O=c1ccocc1.O=c1ccocc1,177
Cc1cc(C)cc([N-](C(C)(C)C)->[Sc+]23456(<-[cH]7[c]->28cccc[c]->38[cH]->4[c]->52cccc[c]->672)<-[N-](c2cc(C)cc(C)c2)C(C)(C)C)c1,tmqm,OTHER,c1ccc([NH-]->[Sc+]23456(<-[NH-]c7ccccc7)<-[cH]7[c]->28cccc[c]->38[cH]->4[c]->52cccc[c]->672)cc1,180
[Cl-]->[Y+3](<-[Cl-])(<-[O]=P(c1ccccc1)(c1ccccc1)c1ccccc1)(<-[O]=P(c1ccccc1)(c1ccccc1)c1ccccc1)(<-[O]=P(c1ccccc1)(c1ccccc1)c1ccccc1)<-[O]=P(c1ccccc1)(c1ccccc1)c1ccccc1,tmqm,OTHER,c1ccc(P(=[O]->[Y+3](<-[O]=P(c2ccccc2)(c2ccccc2)c2ccccc2)(<-[O]=P(c2ccccc2)(c2ccccc2)c2ccccc2)<-[O]=P(c2ccccc2)(c2ccccc2)c2ccccc2)(c2ccccc2)c2ccccc2)cc1,183
CC(C)[P]1(C[N-](c2ccccc2)->[Sc+3]<-123(<-[N-](C[P]->2(C(C)C)C(C)C)c1ccccc1)<-[N-](C[P]->3(C(C)C)C(C)C)c1ccccc1)C(C)C,platinai,Pt,c1ccc([NH-]->[Sc+3](<-[NH-]c2ccccc2)<-[NH-]c2ccccc2)cc1,186
CC(C)c1cccc(C(C)C)c1[N]1=Cc2c3ccccc3n3CC4CCC[O]4->[Y+]<-14567(<-[c-]23)<-[CH](=[N]->4c1c(C(C)C)cccc1C(C)C)[c]->51c2ccccc2n(CC2CCC[O]->62)[c]->71C[Si](C)(C)C,tmqm,OTHER,C1c2c3ccccc3n3CC4CCC[O]4->[Y+]4567(<-[c-]23)(<-[CH](=[N]->4c2ccccc2)[c]->52c3ccccc3n(CC3CCC[O]->63)[cH]->72)<-[N]=1c1ccccc1,189
CC(C)c1cccc(C(C)C)c1N1[C](->[Y+3](<-[I-])(<-[I-])(<-[I-])<-[C]2N(c3c(C(C)C)cccc3C(C)C)C(C)(C)CC2(C)C)C(C)(C)CC1(C)C,tmqm,OTHER,c1ccc(N2CCC[C]2->[Y+3]<-[C]2CCCN2c2ccccc2)cc1,192
CN1CCCC1=[O]->[Sc+17]1(<-[O]=C2CCCN2C)(<-[O-]c2c(N([O-])[O-])cc(N([O-])[O-])cc2N([O-])[O-])(<-[O-]c2c(N([O-])[O-])cc(N([O-])[O-])cc2[N+](=O)[O-])<-[O-]c2c(N([O-])[O-]->1)cc(N([O-])[O-])cc2[N+](=O)[O-],platinai,Pt,c1ccc([O-]->[Sc+17](<-[O]=C2CCCN2)(<-[O]=C2CCCN2)(<-[O-]c2ccccc2)<-[O-]c2ccccc2)cc1,196
CC(C)P1(C(C)C)=c2ccccc2=[C]2->[Hf+4](<-[Cl-])(<-[Cl-])(<-[Cl-])(<-[Cl-])<-[P](c3ccccc3C=21)(C(C)C)C(C)C,tmqm,OTHER,C1=C(c2ccccc2)P=c2ccccc2=1,200
[BH3]->[YH+2]12(<-[N](=C(C)C=C(C)[N-]->1c1ccccc1C(C)(C)C)c1ccccc1C(C)(C)C)<-[N](=C(C)C=C(C)[N-]->2c1ccccc1C(C)(C)C)c1ccccc1C(C)(C)C,platinai,Pt,C=[N](c1ccccc1)->[Y+2](<-[NH-]c1ccccc1)(<-[NH-]c1ccccc1)<-[N](=C)c1ccccc1,203
Cc1cc(C)[n]2->[Y+3]34(<-[CH](=[Si](C)[N-]->3[Si](C)(C)C)[SiH](c3ccccc3)c3ccccc3)(<-[n]3c(C)cc(C)n3[BH-](n12)n1c(C)cc(C)[n]->41)<-[O]1CCCC1.[CH3-],tmqm,OTHER,[Si]=[CH]([SiH](c1ccccc1)c1ccccc1)->[Y+3]12(<-[n]3cccn3[BH-](n3ccc[n]->13)n1ccc[n]->21)<-[O]1CCCC1,206
CC1=CC(C)=[N]2CC3CCC[O]3->[Y+3]<-2(<-[CH2-][Si](C)(C)C)(<-[CH2-][Si](C)(C)C)<-[N-]1c1c(C(C)C)cccc1C(C)C,platinai,Pt,c1ccc([NH-]->[Y+3]<-[O]2CCCC2)cc1,209
