pocket_id,receptor_path,ligand_path,ref_path,metal_atoms,n_atoms,n_residues,source
test_000,/mnt/storage/data/molmetal/crossdocked/extracted/crossdocked_pocket10/BSD_ASPTE_1_130_0/2z3h_A_rec_1wn6_bst_lig_tt_docked_3_pocket10.pdb,/mnt/storage/data/molmetal/crossdocked/extracted/crossdocked_pocket10/BSD_ASPTE_1_130_0/2z3h_A_rec_1wn6_bst_lig_tt_docked_3.sdf,,,,,CrossDocked2020_local
test_001,/mnt/storage/data/molmetal/crossdocked/extracted/crossdocked_pocket10/GLMU_STRPN_2_459_0/4aaw_A_rec_4ac3_r83_lig_tt_min_0_pocket10.pdb,/mnt/storage/data/molmetal/crossdocked/extracted/crossdocked_pocket10/GLMU_STRPN_2_459_0/4aaw_A_rec_4ac3_r83_lig_tt_min_0.sdf,,,,,CrossDocked2020_local
test_002,/mnt/storage/data/molmetal/crossdocked/extracted/crossdocked_pocket10/GRK4_HUMAN_1_578_0/4yhj_A_rec_4yhj_an2_lig_tt_min_0_pocket10.pdb,/mnt/storage/data/molmetal/crossdocked/extracted/crossdocked_pocket10/GRK4_HUMAN_1_578_0/4yhj_A_rec_4yhj_an2_lig_tt_min_0.sdf,,,,,CrossDocked2020_local
test_003,/mnt/storage/data/molmetal/crossdocked/extracted/crossdocked_pocket10/GSTP1_HUMAN_2_210_0/14gs_A_rec_20gs_cbd_lig_tt_min_0_pocket10.pdb,/mnt/storage/data/molmetal/crossdocked/extracted/crossdocked_pocket10/GSTP1_HUMAN_2_210_0/14gs_A_rec_20gs_cbd_lig_tt_min_0.sdf,,,,,CrossDocked2020_local
test_004,/mnt/storage/data/molmetal/crossdocked/extracted/crossdocked_pocket10/GUX1_HYPJE_18_451_0/2v3r_A_rec_1dy4_snp_lig_tt_docked_1_pocket10.pdb,/mnt/storage/data/molmetal/crossdocked/extracted/crossdocked_pocket10/GUX1_HYPJE_18_451_0/2v3r_A_rec_1dy4_snp_lig_tt_docked_1.sdf,,,,,CrossDocked2020_local
test_005,/mnt/storage/data/molmetal/crossdocked/extracted/crossdocked_pocket10/HDAC8_HUMAN_1_377_0/4rn0_B_rec_4rn1_l8g_lig_tt_min_0_pocket10.pdb,/mnt/storage/data/molmetal/crossdocked/extracted/crossdocked_pocket10/HDAC8_HUMAN_1_377_0/4rn0_B_rec_4rn1_l8g_lig_tt_min_0.sdf,,,,,CrossDocked2020_local
test_006,/mnt/storage/data/molmetal/crossdocked/extracted/crossdocked_pocket10/HDHA_ECOLI_1_255_0/1fmc_B_rec_1fmc_cho_lig_tt_docked_1_pocket10.pdb,/mnt/storage/data/molmetal/crossdocked/extracted/crossdocked_pocket10/HDHA_ECOLI_1_255_0/1fmc_B_rec_1fmc_cho_lig_tt_docked_1.sdf,,,,,CrossDocked2020_local
test_007,/mnt/storage/data/molmetal/crossdocked/extracted/crossdocked_pocket10/HMD_METJA_1_358_0/3daf_A_rec_3daf_feg_lig_tt_docked_0_pocket10.pdb,/mnt/storage/data/molmetal/crossdocked/extracted/crossdocked_pocket10/HMD_METJA_1_358_0/3daf_A_rec_3daf_feg_lig_tt_docked_0.sdf,,,,,CrossDocked2020_local
test_008,/mnt/storage/data/molmetal/crossdocked/extracted/crossdocked_pocket10/CCPR_YEAST_69_361_0/1a2g_A_rec_4jmv_1ly_lig_tt_min_0_pocket10.pdb,/mnt/storage/data/molmetal/crossdocked/extracted/crossdocked_pocket10/CCPR_YEAST_69_361_0/1a2g_A_rec_4jmv_1ly_lig_tt_min_0.sdf,,,,,CrossDocked2020_local
test_009,/mnt/storage/data/molmetal/crossdocked/extracted/crossdocked_pocket10/IPMK_HUMAN_49_416_0/5w2g_A_rec_5w2i_adp_lig_tt_min_0_pocket10.pdb,/mnt/storage/data/molmetal/crossdocked/extracted/crossdocked_pocket10/IPMK_HUMAN_49_416_0/5w2g_A_rec_5w2i_adp_lig_tt_min_0.sdf,,,,,CrossDocked2020_local
test_010,/mnt/storage/data/molmetal/crossdocked/extracted/crossdocked_pocket10/CD38_HUMAN_44_300_0/3dzh_A_rec_3u4i_cvr_lig_tt_docked_0_pocket10.pdb,/mnt/storage/data/molmetal/crossdocked/extracted/crossdocked_pocket10/CD38_HUMAN_44_300_0/3dzh_A_rec_3u4i_cvr_lig_tt_docked_0.sdf,,,,,CrossDocked2020_local
test_011,/mnt/storage/data/molmetal/crossdocked/extracted/crossdocked_pocket10/KS6A3_HUMAN_41_357_0/3g51_A_rec_3g51_anp_lig_tt_min_0_pocket10.pdb,/mnt/storage/data/molmetal/crossdocked/extracted/crossdocked_pocket10/KS6A3_HUMAN_41_357_0/3g51_A_rec_3g51_anp_lig_tt_min_0.sdf,,,,,CrossDocked2020_local
test_012,/mnt/storage/data/molmetal/crossdocked/extracted/crossdocked_pocket10/CHOD_BREST_46_552_0/1coy_A_rec_1coy_and_lig_tt_docked_0_pocket10.pdb,/mnt/storage/data/molmetal/crossdocked/extracted/crossdocked_pocket10/CHOD_BREST_46_552_0/1coy_A_rec_1coy_and_lig_tt_docked_0.sdf,,,,,CrossDocked2020_local
test_013,/mnt/storage/data/molmetal/crossdocked/extracted/crossdocked_pocket10/LAT_MYCTU_1_449_0/2jjg_A_rec_2jjg_plp_lig_tt_min_0_pocket10.pdb,/mnt/storage/data/molmetal/crossdocked/extracted/crossdocked_pocket10/LAT_MYCTU_1_449_0/2jjg_A_rec_2jjg_plp_lig_tt_min_0.sdf,,,,,CrossDocked2020_local
test_014,/mnt/storage/data/molmetal/crossdocked/extracted/crossdocked_pocket10/LMBL1_HUMAN_198_526_0/2rhy_A_rec_2rhy_mlz_lig_tt_min_0_pocket10.pdb,/mnt/storage/data/molmetal/crossdocked/extracted/crossdocked_pocket10/LMBL1_HUMAN_198_526_0/2rhy_A_rec_2rhy_mlz_lig_tt_min_0.sdf,,,,,CrossDocked2020_local
test_015,/mnt/storage/data/molmetal/crossdocked/extracted/crossdocked_pocket10/LMBL1_HUMAN_198_526_0/2pqw_A_rec_2rhy_mlz_lig_tt_min_0_pocket10.pdb,/mnt/storage/data/molmetal/crossdocked/extracted/crossdocked_pocket10/LMBL1_HUMAN_198_526_0/2pqw_A_rec_2rhy_mlz_lig_tt_min_0.sdf,,,,,CrossDocked2020_local
test_016,/mnt/storage/data/molmetal/crossdocked/extracted/crossdocked_pocket10/M3K14_HUMAN_321_678_0/4g3d_B_rec_4idv_13v_lig_tt_min_0_pocket10.pdb,/mnt/storage/data/molmetal/crossdocked/extracted/crossdocked_pocket10/M3K14_HUMAN_321_678_0/4g3d_B_rec_4idv_13v_lig_tt_min_0.sdf,,,,,CrossDocked2020_local
test_017,/mnt/storage/data/molmetal/crossdocked/extracted/crossdocked_pocket10/MENE_BACSU_2_486_0/5bur_A_rec_5x8f_amp_lig_tt_docked_7_pocket10.pdb,/mnt/storage/data/molmetal/crossdocked/extracted/crossdocked_pocket10/MENE_BACSU_2_486_0/5bur_A_rec_5x8f_amp_lig_tt_docked_7.sdf,,,,,CrossDocked2020_local
test_018,/mnt/storage/data/molmetal/crossdocked/extracted/crossdocked_pocket10/NAGZ_VIBCH_1_330_0/3gs6_A_rec_2oxn_oan_lig_tt_docked_4_pocket10.pdb,/mnt/storage/data/molmetal/crossdocked/extracted/crossdocked_pocket10/NAGZ_VIBCH_1_330_0/3gs6_A_rec_2oxn_oan_lig_tt_docked_4.sdf,,,,,CrossDocked2020_local
test_019,/mnt/storage/data/molmetal/crossdocked/extracted/crossdocked_pocket10/NEP_HUMAN_54_750_0/1r1h_A_rec_1r1h_bir_lig_tt_docked_1_pocket10.pdb,/mnt/storage/data/molmetal/crossdocked/extracted/crossdocked_pocket10/NEP_HUMAN_54_750_0/1r1h_A_rec_1r1h_bir_lig_tt_docked_1.sdf,,,,,CrossDocked2020_local
test_020,/mnt/storage/data/molmetal/crossdocked/extracted/crossdocked_pocket10/NQO1_HUMAN_2_274_0/1dxo_C_rec_1gg5_e09_lig_tt_min_0_pocket10.pdb,/mnt/storage/data/molmetal/crossdocked/extracted/crossdocked_pocket10/NQO1_HUMAN_2_274_0/1dxo_C_rec_1gg5_e09_lig_tt_min_0.sdf,,,,,CrossDocked2020_local
test_021,/mnt/storage/data/molmetal/crossdocked/extracted/crossdocked_pocket10/NQO1_HUMAN_2_274_0/1gg5_A_rec_1kbo_340_lig_tt_min_0_pocket10.pdb,/mnt/storage/data/molmetal/crossdocked/extracted/crossdocked_pocket10/NQO1_HUMAN_2_274_0/1gg5_A_rec_1kbo_340_lig_tt_min_0.sdf,,,,,CrossDocked2020_local
test_022,/mnt/storage/data/molmetal/crossdocked/extracted/crossdocked_pocket10/NR1H4_HUMAN_258_486_0/5q0k_A_rec_5q0q_9ld_lig_tt_docked_0_pocket10.pdb,/mnt/storage/data/molmetal/crossdocked/extracted/crossdocked_pocket10/NR1H4_HUMAN_258_486_0/5q0k_A_rec_5q0q_9ld_lig_tt_docked_0.sdf,,,,,CrossDocked2020_local
test_023,/mnt/storage/data/molmetal/crossdocked/extracted/crossdocked_pocket10/OLIAC_CANSA_1_101_0/5b08_A_rec_5b09_4mx_lig_tt_min_0_pocket10.pdb,/mnt/storage/data/molmetal/crossdocked/extracted/crossdocked_pocket10/OLIAC_CANSA_1_101_0/5b08_A_rec_5b09_4mx_lig_tt_min_0.sdf,,,,,CrossDocked2020_local
test_024,/mnt/storage/data/molmetal/crossdocked/extracted/crossdocked_pocket10/PA21B_PIG_23_146_0/2azy_A_rec_2azy_chd_lig_tt_docked_0_pocket10.pdb,/mnt/storage/data/molmetal/crossdocked/extracted/crossdocked_pocket10/PA21B_PIG_23_146_0/2azy_A_rec_2azy_chd_lig_tt_docked_0.sdf,,,,,CrossDocked2020_local
test_025,/mnt/storage/data/molmetal/crossdocked/extracted/crossdocked_pocket10/PAK4_HUMAN_291_591_ATP_0/5i0b_A_rec_5vef_m77_lig_tt_min_0_pocket10.pdb,/mnt/storage/data/molmetal/crossdocked/extracted/crossdocked_pocket10/PAK4_HUMAN_291_591_ATP_0/5i0b_A_rec_5vef_m77_lig_tt_min_0.sdf,,,,,CrossDocked2020_local
test_026,/mnt/storage/data/molmetal/crossdocked/extracted/crossdocked_pocket10/PHKG1_RABIT_6_296_ATPsite_0/1phk_A_rec_1phk_atp_lig_tt_min_0_pocket10.pdb,/mnt/storage/data/molmetal/crossdocked/extracted/crossdocked_pocket10/PHKG1_RABIT_6_296_ATPsite_0/1phk_A_rec_1phk_atp_lig_tt_min_0.sdf,,,,,CrossDocked2020_local
test_027,/mnt/storage/data/molmetal/crossdocked/extracted/crossdocked_pocket10/PHP_SULSO_1_314_0/4keu_A_rec_4ket_pg4_lig_tt_min_0_pocket10.pdb,/mnt/storage/data/molmetal/crossdocked/extracted/crossdocked_pocket10/PHP_SULSO_1_314_0/4keu_A_rec_4ket_pg4_lig_tt_min_0.sdf,,,,,CrossDocked2020_local
test_028,/mnt/storage/data/molmetal/crossdocked/extracted/crossdocked_pocket10/COTA_BACSU_1_513_0/4q8b_B_rec_4q8b_sxx_lig_tt_min_0_pocket10.pdb,/mnt/storage/data/molmetal/crossdocked/extracted/crossdocked_pocket10/COTA_BACSU_1_513_0/4q8b_B_rec_4q8b_sxx_lig_tt_min_0.sdf,,,,,CrossDocked2020_local
test_029,/mnt/storage/data/molmetal/crossdocked/extracted/crossdocked_pocket10/PLCD1_RAT_134_756_0/1djy_A_rec_1djz_ip2_lig_tt_min_0_pocket10.pdb,/mnt/storage/data/molmetal/crossdocked/extracted/crossdocked_pocket10/PLCD1_RAT_134_756_0/1djy_A_rec_1djz_ip2_lig_tt_min_0.sdf,,,,,CrossDocked2020_local
test_030,/mnt/storage/data/molmetal/crossdocked/extracted/crossdocked_pocket10/PNTM_STRAE_2_398_0/5l1v_A_rec_5l1v_7pf_lig_tt_docked_0_pocket10.pdb,/mnt/storage/data/molmetal/crossdocked/extracted/crossdocked_pocket10/PNTM_STRAE_2_398_0/5l1v_A_rec_5l1v_7pf_lig_tt_docked_0.sdf,,,,,CrossDocked2020_local
test_031,/mnt/storage/data/molmetal/crossdocked/extracted/crossdocked_pocket10/CPXB_BACMB_2_464_0/4zfa_A_rec_1smj_pam_lig_tt_min_0_pocket10.pdb,/mnt/storage/data/molmetal/crossdocked/extracted/crossdocked_pocket10/CPXB_BACMB_2_464_0/4zfa_A_rec_1smj_pam_lig_tt_min_0.sdf,,,,,CrossDocked2020_local
test_032,/mnt/storage/data/molmetal/crossdocked/extracted/crossdocked_pocket10/PPIA_HUMAN_1_165_0/2rma_A_rec_3rdd_ea4_lig_tt_docked_0_pocket10.pdb,/mnt/storage/data/molmetal/crossdocked/extracted/crossdocked_pocket10/PPIA_HUMAN_1_165_0/2rma_A_rec_3rdd_ea4_lig_tt_docked_0.sdf,,,,,CrossDocked2020_local
test_033,/mnt/storage/data/molmetal/crossdocked/extracted/crossdocked_pocket10/PTGIS_HUMAN_20_500_0/3b6h_A_rec_3b6h_mxd_lig_tt_min_0_pocket10.pdb,/mnt/storage/data/molmetal/crossdocked/extracted/crossdocked_pocket10/PTGIS_HUMAN_20_500_0/3b6h_A_rec_3b6h_mxd_lig_tt_min_0.sdf,,,,,CrossDocked2020_local
test_034,/mnt/storage/data/molmetal/crossdocked/extracted/crossdocked_pocket10/QPCT_HUMAN_33_361_0/2zen_A_rec_2afx_1bn_lig_tt_docked_7_pocket10.pdb,/mnt/storage/data/molmetal/crossdocked/extracted/crossdocked_pocket10/QPCT_HUMAN_33_361_0/2zen_A_rec_2afx_1bn_lig_tt_docked_7.sdf,,,,,CrossDocked2020_local
test_035,/mnt/storage/data/molmetal/crossdocked/extracted/crossdocked_pocket10/RIBB_VIBCH_2_218_0/4p6p_A_rec_4p77_5rp_lig_tt_docked_0_pocket10.pdb,/mnt/storage/data/molmetal/crossdocked/extracted/crossdocked_pocket10/RIBB_VIBCH_2_218_0/4p6p_A_rec_4p77_5rp_lig_tt_docked_0.sdf,,,,,CrossDocked2020_local
test_036,/mnt/storage/data/molmetal/crossdocked/extracted/crossdocked_pocket10/RG1_RAUSE_1_513_0/3u5y_B_rec_3u57_dh8_lig_tt_min_0_pocket10.pdb,/mnt/storage/data/molmetal/crossdocked/extracted/crossdocked_pocket10/RG1_RAUSE_1_513_0/3u5y_B_rec_3u57_dh8_lig_tt_min_0.sdf,,,,,CrossDocked2020_local
test_037,/mnt/storage/data/molmetal/crossdocked/extracted/crossdocked_pocket10/ROCO4_DICDI_1009_1292_0/4f1m_A_rec_4f1m_acp_lig_tt_min_0_pocket10.pdb,/mnt/storage/data/molmetal/crossdocked/extracted/crossdocked_pocket10/ROCO4_DICDI_1009_1292_0/4f1m_A_rec_4f1m_acp_lig_tt_min_0.sdf,,,,,CrossDocked2020_local
test_038,/mnt/storage/data/molmetal/crossdocked/extracted/crossdocked_pocket10/DPO4_SULSO_1_347_0/4tqr_A_rec_2xca_doc_lig_tt_min_0_pocket10.pdb,/mnt/storage/data/molmetal/crossdocked/extracted/crossdocked_pocket10/DPO4_SULSO_1_347_0/4tqr_A_rec_2xca_doc_lig_tt_min_0.sdf,,,,,CrossDocked2020_local
test_039,/mnt/storage/data/molmetal/crossdocked/extracted/crossdocked_pocket10/SDIA_ECOLI_1_171_0/4lfu_A_rec_4y13_480_lig_tt_min_0_pocket10.pdb,/mnt/storage/data/molmetal/crossdocked/extracted/crossdocked_pocket10/SDIA_ECOLI_1_171_0/4lfu_A_rec_4y13_480_lig_tt_min_0.sdf,,,,,CrossDocked2020_local
test_040,/mnt/storage/data/molmetal/crossdocked/extracted/crossdocked_pocket10/DPP2_HUMAN_27_492_0/3jyh_A_rec_3n0t_opy_lig_tt_min_0_pocket10.pdb,/mnt/storage/data/molmetal/crossdocked/extracted/crossdocked_pocket10/DPP2_HUMAN_27_492_0/3jyh_A_rec_3n0t_opy_lig_tt_min_0.sdf,,,,,CrossDocked2020_local
test_041,/mnt/storage/data/molmetal/crossdocked/extracted/crossdocked_pocket10/TBK1_HUMAN_1_303_0/4iwq_A_rec_4jlc_su6_lig_tt_min_0_pocket10.pdb,/mnt/storage/data/molmetal/crossdocked/extracted/crossdocked_pocket10/TBK1_HUMAN_1_303_0/4iwq_A_rec_4jlc_su6_lig_tt_min_0.sdf,,,,,CrossDocked2020_local
test_042,/mnt/storage/data/molmetal/crossdocked/extracted/crossdocked_pocket10/TRAR_RHIRD_1_234_0/1l3l_A_rec_1l3l_lae_lig_tt_min_0_pocket10.pdb,/mnt/storage/data/molmetal/crossdocked/extracted/crossdocked_pocket10/TRAR_RHIRD_1_234_0/1l3l_A_rec_1l3l_lae_lig_tt_min_0.sdf,,,,,CrossDocked2020_local
test_043,/mnt/storage/data/molmetal/crossdocked/extracted/crossdocked_pocket10/UBE2T_HUMAN_1_156_0/5ngz_A_rec_5ngz_2bg_lig_tt_min_0_pocket10.pdb,/mnt/storage/data/molmetal/crossdocked/extracted/crossdocked_pocket10/UBE2T_HUMAN_1_156_0/5ngz_A_rec_5ngz_2bg_lig_tt_min_0.sdf,,,,,CrossDocked2020_local
test_044,/mnt/storage/data/molmetal/crossdocked/extracted/crossdocked_pocket10/VAOX_PENSI_1_560_0/1e8h_A_rec_1e8h_adp_lig_tt_min_0_pocket10.pdb,/mnt/storage/data/molmetal/crossdocked/extracted/crossdocked_pocket10/VAOX_PENSI_1_560_0/1e8h_A_rec_1e8h_adp_lig_tt_min_0.sdf,,,,,CrossDocked2020_local
test_045,/mnt/storage/data/molmetal/crossdocked/extracted/crossdocked_pocket10/XANLY_BACGL_26_777_0/2e24_A_rec_1j0n_ceg_lig_tt_docked_14_pocket10.pdb,/mnt/storage/data/molmetal/crossdocked/extracted/crossdocked_pocket10/XANLY_BACGL_26_777_0/2e24_A_rec_1j0n_ceg_lig_tt_docked_14.sdf,,,,,CrossDocked2020_local
test_046,/mnt/storage/data/molmetal/crossdocked/extracted/crossdocked_pocket10/EFTU1_ECOLI_2_178_0/2hcj_B_rec_2hcj_gdp_lig_tt_docked_0_pocket10.pdb,/mnt/storage/data/molmetal/crossdocked/extracted/crossdocked_pocket10/EFTU1_ECOLI_2_178_0/2hcj_B_rec_2hcj_gdp_lig_tt_docked_0.sdf,,,,,CrossDocked2020_local
test_047,/mnt/storage/data/molmetal/crossdocked/extracted/crossdocked_pocket10/F16P1_HUMAN_1_338_0/3kc1_A_rec_3kc1_2t6_lig_tt_min_0_pocket10.pdb,/mnt/storage/data/molmetal/crossdocked/extracted/crossdocked_pocket10/F16P1_HUMAN_1_338_0/3kc1_A_rec_3kc1_2t6_lig_tt_min_0.sdf,,,,,CrossDocked2020_local
test_048,/mnt/storage/data/molmetal/crossdocked/extracted/crossdocked_pocket10/FKB1A_HUMAN_2_108_0/1d7j_A_rec_1tco_fk5_lig_tt_docked_0_pocket10.pdb,/mnt/storage/data/molmetal/crossdocked/extracted/crossdocked_pocket10/FKB1A_HUMAN_2_108_0/1d7j_A_rec_1tco_fk5_lig_tt_docked_0.sdf,,,,,CrossDocked2020_local
test_049,/mnt/storage/data/molmetal/crossdocked/extracted/crossdocked_pocket10/IDHP_HUMAN_40_452_0/4ja8_B_rec_4ja8_1k9_lig_tt_docked_0_pocket10.pdb,/mnt/storage/data/molmetal/crossdocked/extracted/crossdocked_pocket10/IDHP_HUMAN_40_452_0/4ja8_B_rec_4ja8_1k9_lig_tt_docked_0.sdf,,,,,CrossDocked2020_local
test_050,/mnt/storage/data/molmetal/crossdocked/extracted/crossdocked_pocket10/IMA1_HUMAN_68_497_0/4u5s_A_rec_4u54_3c5_lig_tt_min_0_pocket10.pdb,/mnt/storage/data/molmetal/crossdocked/extracted/crossdocked_pocket10/IMA1_HUMAN_68_497_0/4u5s_A_rec_4u54_3c5_lig_tt_min_0.sdf,,,,,CrossDocked2020_local
test_051,/mnt/storage/data/molmetal/crossdocked/extracted/crossdocked_pocket10/MCCF_ECOLX_1_344_0/4iiy_A_rec_3tle_gsu_lig_tt_docked_12_pocket10.pdb,/mnt/storage/data/molmetal/crossdocked/extracted/crossdocked_pocket10/MCCF_ECOLX_1_344_0/4iiy_A_rec_3tle_gsu_lig_tt_docked_12.sdf,,,,,CrossDocked2020_local
test_052,/mnt/storage/data/molmetal/crossdocked/extracted/crossdocked_pocket10/MURA_ECOLI_1_419_catalytic_0/3v4t_A_rec_4e7f_udp_lig_tt_min_0_pocket10.pdb,/mnt/storage/data/molmetal/crossdocked/extracted/crossdocked_pocket10/MURA_ECOLI_1_419_catalytic_0/3v4t_A_rec_4e7f_udp_lig_tt_min_0.sdf,,,,,CrossDocked2020_local
test_053,/mnt/storage/data/molmetal/crossdocked/extracted/crossdocked_pocket10/NOS1_HUMAN_302_723_0/3tym_A_rec_3n5v_xfh_lig_tt_min_0_pocket10.pdb,/mnt/storage/data/molmetal/crossdocked/extracted/crossdocked_pocket10/NOS1_HUMAN_302_723_0/3tym_A_rec_3n5v_xfh_lig_tt_min_0.sdf,,,,,CrossDocked2020_local
test_054,/mnt/storage/data/molmetal/crossdocked/extracted/crossdocked_pocket10/NOS1_HUMAN_302_723_0/4d7o_A_rec_3n5z_xfm_lig_tt_min_0_pocket10.pdb,/mnt/storage/data/molmetal/crossdocked/extracted/crossdocked_pocket10/NOS1_HUMAN_302_723_0/4d7o_A_rec_3n5z_xfm_lig_tt_min_0.sdf,,,,,CrossDocked2020_local
test_055,/mnt/storage/data/molmetal/crossdocked/extracted/crossdocked_pocket10/NOS2_HUMAN_78_505_0/3ej8_A_rec_2nsi_itu_lig_tt_min_0_pocket10.pdb,/mnt/storage/data/molmetal/crossdocked/extracted/crossdocked_pocket10/NOS2_HUMAN_78_505_0/3ej8_A_rec_2nsi_itu_lig_tt_min_0.sdf,,,,,CrossDocked2020_local
test_056,/mnt/storage/data/molmetal/crossdocked/extracted/crossdocked_pocket10/NOS3_HUMAN_65_480_0/1rs9_A_rec_1dmk_itu_lig_tt_min_0_pocket10.pdb,/mnt/storage/data/molmetal/crossdocked/extracted/crossdocked_pocket10/NOS3_HUMAN_65_480_0/1rs9_A_rec_1dmk_itu_lig_tt_min_0.sdf,,,,,CrossDocked2020_local
test_057,/mnt/storage/data/molmetal/crossdocked/extracted/crossdocked_pocket10/NOS3_HUMAN_65_480_0/4kcq_A_rec_4cwv_hw8_lig_tt_min_0_pocket10.pdb,/mnt/storage/data/molmetal/crossdocked/extracted/crossdocked_pocket10/NOS3_HUMAN_65_480_0/4kcq_A_rec_4cwv_hw8_lig_tt_min_0.sdf,,,,,CrossDocked2020_local
test_058,/mnt/storage/data/molmetal/crossdocked/extracted/crossdocked_pocket10/NPD_THEMA_1_246_0/3pdh_A_rec_4buz_ocz_lig_tt_min_0_pocket10.pdb,/mnt/storage/data/molmetal/crossdocked/extracted/crossdocked_pocket10/NPD_THEMA_1_246_0/3pdh_A_rec_4buz_ocz_lig_tt_min_0.sdf,,,,,CrossDocked2020_local
test_059,/mnt/storage/data/molmetal/crossdocked/extracted/crossdocked_pocket10/ODBB_THET8_1_324_0/1umd_B_rec_1umb_tdp_lig_tt_docked_1_pocket10.pdb,/mnt/storage/data/molmetal/crossdocked/extracted/crossdocked_pocket10/ODBB_THET8_1_324_0/1umd_B_rec_1umb_tdp_lig_tt_docked_1.sdf,,,,,CrossDocked2020_local
test_060,/mnt/storage/data/molmetal/crossdocked/extracted/crossdocked_pocket10/P2Y12_HUMAN_1_342_0/4pxz_A_rec_4pxz_6ad_lig_tt_min_0_pocket10.pdb,/mnt/storage/data/molmetal/crossdocked/extracted/crossdocked_pocket10/P2Y12_HUMAN_1_342_0/4pxz_A_rec_4pxz_6ad_lig_tt_min_0.sdf,,,,,CrossDocked2020_local
test_061,/mnt/storage/data/molmetal/crossdocked/extracted/crossdocked_pocket10/PA2B8_DABRR_1_121_0/2gns_A_rec_4qer_stl_lig_tt_min_0_pocket10.pdb,/mnt/storage/data/molmetal/crossdocked/extracted/crossdocked_pocket10/PA2B8_DABRR_1_121_0/2gns_A_rec_4qer_stl_lig_tt_min_0.sdf,,,,,CrossDocked2020_local
test_062,/mnt/storage/data/molmetal/crossdocked/extracted/crossdocked_pocket10/PAC_ECOLX_27_846_0/1ai4_A_rec_1ai5_mnp_lig_tt_docked_0_pocket10.pdb,/mnt/storage/data/molmetal/crossdocked/extracted/crossdocked_pocket10/PAC_ECOLX_27_846_0/1ai4_A_rec_1ai5_mnp_lig_tt_docked_0.sdf,,,,,CrossDocked2020_local
test_063,/mnt/storage/data/molmetal/crossdocked/extracted/crossdocked_pocket10/POL_FOAMV_861_1060_0/5mma_A_rec_4ztf_x2p_lig_tt_min_0_pocket10.pdb,/mnt/storage/data/molmetal/crossdocked/extracted/crossdocked_pocket10/POL_FOAMV_861_1060_0/5mma_A_rec_4ztf_x2p_lig_tt_min_0.sdf,,,,,CrossDocked2020_local
test_064,/mnt/storage/data/molmetal/crossdocked/extracted/crossdocked_pocket10/AROE_THET8_1_263_0/2cy0_A_rec_2d5c_skm_lig_tt_min_0_pocket10.pdb,/mnt/storage/data/molmetal/crossdocked/extracted/crossdocked_pocket10/AROE_THET8_1_263_0/2cy0_A_rec_2d5c_skm_lig_tt_min_0.sdf,,,,,CrossDocked2020_local
test_065,/mnt/storage/data/molmetal/crossdocked/extracted/crossdocked_pocket10/PYRD_TRYCC_2_314_catalytic_0/3w83_B_rec_2e6d_fum_lig_tt_min_0_pocket10.pdb,/mnt/storage/data/molmetal/crossdocked/extracted/crossdocked_pocket10/PYRD_TRYCC_2_314_catalytic_0/3w83_B_rec_2e6d_fum_lig_tt_min_0.sdf,,,,,CrossDocked2020_local
test_066,/mnt/storage/data/molmetal/crossdocked/extracted/crossdocked_pocket10/PYRD_TRYCC_2_314_catalytic_0/2e6d_A_rec_2e6d_fum_lig_tt_min_0_pocket10.pdb,/mnt/storage/data/molmetal/crossdocked/extracted/crossdocked_pocket10/PYRD_TRYCC_2_314_catalytic_0/2e6d_A_rec_2e6d_fum_lig_tt_min_0.sdf,,,,,CrossDocked2020_local
test_067,/mnt/storage/data/molmetal/crossdocked/extracted/crossdocked_pocket10/PYRE_BACAN_1_210_0/4rv4_A_rec_4rv4_prp_lig_tt_docked_2_pocket10.pdb,/mnt/storage/data/molmetal/crossdocked/extracted/crossdocked_pocket10/PYRE_BACAN_1_210_0/4rv4_A_rec_4rv4_prp_lig_tt_docked_2.sdf,,,,,CrossDocked2020_local
test_068,/mnt/storage/data/molmetal/crossdocked/extracted/crossdocked_pocket10/SIR3_HUMAN_117_398_0/5d7n_D_rec_4jt9_1ns_lig_tt_min_0_pocket10.pdb,/mnt/storage/data/molmetal/crossdocked/extracted/crossdocked_pocket10/SIR3_HUMAN_117_398_0/5d7n_D_rec_4jt9_1ns_lig_tt_min_0.sdf,,,,,CrossDocked2020_local
test_069,/mnt/storage/data/molmetal/crossdocked/extracted/crossdocked_pocket10/BAZ2A_HUMAN_1795_1898_0/5mgl_A_rec_5mgl_7mu_lig_tt_min_0_pocket10.pdb,/mnt/storage/data/molmetal/crossdocked/extracted/crossdocked_pocket10/BAZ2A_HUMAN_1795_1898_0/5mgl_A_rec_5mgl_7mu_lig_tt_min_0.sdf,,,,,CrossDocked2020_local
test_070,/mnt/storage/data/molmetal/crossdocked/extracted/crossdocked_pocket10/SQHC_ALIAD_1_631_0/1h36_A_rec_1o79_r23_lig_tt_docked_5_pocket10.pdb,/mnt/storage/data/molmetal/crossdocked/extracted/crossdocked_pocket10/SQHC_ALIAD_1_631_0/1h36_A_rec_1o79_r23_lig_tt_docked_5.sdf,,,,,CrossDocked2020_local
test_071,/mnt/storage/data/molmetal/crossdocked/extracted/crossdocked_pocket10/TIAM1_HUMAN_840_931_0/4gvd_A_rec_4nxr_ans_lig_tt_min_0_pocket10.pdb,/mnt/storage/data/molmetal/crossdocked/extracted/crossdocked_pocket10/TIAM1_HUMAN_840_931_0/4gvd_A_rec_4nxr_ans_lig_tt_min_0.sdf,,,,,CrossDocked2020_local
test_072,/mnt/storage/data/molmetal/crossdocked/extracted/crossdocked_pocket10/TNKS1_HUMAN_1099_1319_0/4tos_A_rec_4tos_355_lig_tt_min_0_pocket10.pdb,/mnt/storage/data/molmetal/crossdocked/extracted/crossdocked_pocket10/TNKS1_HUMAN_1099_1319_0/4tos_A_rec_4tos_355_lig_tt_min_0.sdf,,,,,CrossDocked2020_local
test_073,/mnt/storage/data/molmetal/crossdocked/extracted/crossdocked_pocket10/TNKS2_HUMAN_948_1162_0/5aeh_A_rec_5aeh_8ir_lig_tt_docked_0_pocket10.pdb,/mnt/storage/data/molmetal/crossdocked/extracted/crossdocked_pocket10/TNKS2_HUMAN_948_1162_0/5aeh_A_rec_5aeh_8ir_lig_tt_docked_0.sdf,,,,,CrossDocked2020_local
test_074,/mnt/storage/data/molmetal/crossdocked/extracted/crossdocked_pocket10/UPPS_ECOLI_1_253_0/4h3c_A_rec_5cqj_53q_lig_tt_docked_2_pocket10.pdb,/mnt/storage/data/molmetal/crossdocked/extracted/crossdocked_pocket10/UPPS_ECOLI_1_253_0/4h3c_A_rec_5cqj_53q_lig_tt_docked_2.sdf,,,,,CrossDocked2020_local
test_075,/mnt/storage/data/molmetal/crossdocked/extracted/crossdocked_pocket10/Y635_MYCTU_1_158_0/4rlu_A_rec_4rlu_hcc_lig_tt_min_0_pocket10.pdb,/mnt/storage/data/molmetal/crossdocked/extracted/crossdocked_pocket10/Y635_MYCTU_1_158_0/4rlu_A_rec_4rlu_hcc_lig_tt_min_0.sdf,,,,,CrossDocked2020_local
test_076,/mnt/storage/data/molmetal/crossdocked/extracted/crossdocked_pocket10/ABL2_HUMAN_274_551_0/4xli_B_rec_4xli_1n1_lig_tt_min_0_pocket10.pdb,/mnt/storage/data/molmetal/crossdocked/extracted/crossdocked_pocket10/ABL2_HUMAN_274_551_0/4xli_B_rec_4xli_1n1_lig_tt_min_0.sdf,,,,,CrossDocked2020_local
test_077,/mnt/storage/data/molmetal/crossdocked/extracted/crossdocked_pocket10/ACE_HUMAN_650_1230_0/3l3n_A_rec_2iux_nxa_lig_tt_docked_2_pocket10.pdb,/mnt/storage/data/molmetal/crossdocked/extracted/crossdocked_pocket10/ACE_HUMAN_650_1230_0/3l3n_A_rec_2iux_nxa_lig_tt_docked_2.sdf,,,,,CrossDocked2020_local
test_078,/mnt/storage/data/molmetal/crossdocked/extracted/crossdocked_pocket10/BGAT_HUMAN_63_353_0/5tjn_A_rec_1zj1_nlc_lig_tt_docked_4_pocket10.pdb,/mnt/storage/data/molmetal/crossdocked/extracted/crossdocked_pocket10/BGAT_HUMAN_63_353_0/5tjn_A_rec_1zj1_nlc_lig_tt_docked_4.sdf,,,,,CrossDocked2020_local
test_079,/mnt/storage/data/molmetal/crossdocked/extracted/crossdocked_pocket10/AK1BA_HUMAN_1_316_0/5liu_X_rec_4gq0_qap_lig_tt_min_0_pocket10.pdb,/mnt/storage/data/molmetal/crossdocked/extracted/crossdocked_pocket10/AK1BA_HUMAN_1_316_0/5liu_X_rec_4gq0_qap_lig_tt_min_0.sdf,,,,,CrossDocked2020_local
test_080,/mnt/storage/data/molmetal/crossdocked/extracted/crossdocked_pocket10/AKT1_HUMAN_1_137_0/3o96_A_rec_3o96_iqo_lig_tt_docked_2_pocket10.pdb,/mnt/storage/data/molmetal/crossdocked/extracted/crossdocked_pocket10/AKT1_HUMAN_1_137_0/3o96_A_rec_3o96_iqo_lig_tt_docked_2.sdf,,,,,CrossDocked2020_local
test_081,/mnt/storage/data/molmetal/crossdocked/extracted/crossdocked_pocket10/BGL07_ORYSJ_25_504_0/4qlk_A_rec_4qlk_ctt_lig_tt_docked_0_pocket10.pdb,/mnt/storage/data/molmetal/crossdocked/extracted/crossdocked_pocket10/BGL07_ORYSJ_25_504_0/4qlk_A_rec_4qlk_ctt_lig_tt_docked_0.sdf,,,,,CrossDocked2020_local
test_082,/mnt/storage/data/molmetal/crossdocked/extracted/crossdocked_pocket10/ATS5_HUMAN_262_480_0/3hy9_B_rec_3hyg_099_lig_tt_min_0_pocket10.pdb,/mnt/storage/data/molmetal/crossdocked/extracted/crossdocked_pocket10/ATS5_HUMAN_262_480_0/3hy9_B_rec_3hyg_099_lig_tt_min_0.sdf,,,,,CrossDocked2020_local
test_083,/mnt/storage/data/molmetal/crossdocked/extracted/crossdocked_pocket10/BACE2_HUMAN_76_460_0/4bel_A_rec_2ewy_dbo_lig_tt_min_0_pocket10.pdb,/mnt/storage/data/molmetal/crossdocked/extracted/crossdocked_pocket10/BACE2_HUMAN_76_460_0/4bel_A_rec_2ewy_dbo_lig_tt_min_0.sdf,,,,,CrossDocked2020_local
test_084,/mnt/storage/data/molmetal/crossdocked/extracted/crossdocked_pocket10/BAPA_SPHXN_30_402_0/3nfb_A_rec_3nfb_oae_lig_tt_docked_2_pocket10.pdb,/mnt/storage/data/molmetal/crossdocked/extracted/crossdocked_pocket10/BAPA_SPHXN_30_402_0/3nfb_A_rec_3nfb_oae_lig_tt_docked_2.sdf,,,,,CrossDocked2020_local
test_085,/mnt/storage/data/molmetal/crossdocked/extracted/crossdocked_pocket10/BTRN_BACCI_2_250_0/4m7t_A_rec_4m7t_sam_lig_tt_min_0_pocket10.pdb,/mnt/storage/data/molmetal/crossdocked/extracted/crossdocked_pocket10/BTRN_BACCI_2_250_0/4m7t_A_rec_4m7t_sam_lig_tt_min_0.sdf,,,,,CrossDocked2020_local
test_086,/mnt/storage/data/molmetal/crossdocked/extracted/crossdocked_pocket10/CAT_ECOLX_1_219_0/3u9f_C_rec_3u9f_clm_lig_tt_min_0_pocket10.pdb,/mnt/storage/data/molmetal/crossdocked/extracted/crossdocked_pocket10/CAT_ECOLX_1_219_0/3u9f_C_rec_3u9f_clm_lig_tt_min_0.sdf,,,,,CrossDocked2020_local
test_087,/mnt/storage/data/molmetal/crossdocked/extracted/crossdocked_pocket10/CDK6_HUMAN_1_312_0/4aua_A_rec_4aua_4au_lig_it2_tt_docked_7_pocket10.pdb,/mnt/storage/data/molmetal/crossdocked/extracted/crossdocked_pocket10/CDK6_HUMAN_1_312_0/4aua_A_rec_4aua_4au_lig_it2_tt_docked_7.sdf,,,,,CrossDocked2020_local
test_088,/mnt/storage/data/molmetal/crossdocked/extracted/crossdocked_pocket10/CDK6_HUMAN_1_312_0/2f2c_B_rec_1xo2_fse_lig_tt_min_0_pocket10.pdb,/mnt/storage/data/molmetal/crossdocked/extracted/crossdocked_pocket10/CDK6_HUMAN_1_312_0/2f2c_B_rec_1xo2_fse_lig_tt_min_0.sdf,,,,,CrossDocked2020_local
test_089,/mnt/storage/data/molmetal/crossdocked/extracted/crossdocked_pocket10/CHIB1_ASPFM_39_433_0/3chc_B_rec_3ch9_xrg_lig_tt_min_0_pocket10.pdb,/mnt/storage/data/molmetal/crossdocked/extracted/crossdocked_pocket10/CHIB1_ASPFM_39_433_0/3chc_B_rec_3ch9_xrg_lig_tt_min_0.sdf,,,,,CrossDocked2020_local
test_090,/mnt/storage/data/molmetal/crossdocked/extracted/crossdocked_pocket10/CHIA_SERMA_19_563_0/1k9t_A_rec_2wlz_dio_lig_tt_min_0_pocket10.pdb,/mnt/storage/data/molmetal/crossdocked/extracted/crossdocked_pocket10/CHIA_SERMA_19_563_0/1k9t_A_rec_2wlz_dio_lig_tt_min_0.sdf,,,,,CrossDocked2020_local
test_091,/mnt/storage/data/molmetal/crossdocked/extracted/crossdocked_pocket10/CHIB_SERMA_1_499_0/1h0i_A_rec_1e6z_ngo_lig_it2_tt_docked_15_pocket10.pdb,/mnt/storage/data/molmetal/crossdocked/extracted/crossdocked_pocket10/CHIB_SERMA_1_499_0/1h0i_A_rec_1e6z_ngo_lig_it2_tt_docked_15.sdf,,,,,CrossDocked2020_local
test_092,/mnt/storage/data/molmetal/crossdocked/extracted/crossdocked_pocket10/CHIB_SERMA_1_499_0/4z2g_A_rec_4z2g_m6v_lig_tt_docked_16_pocket10.pdb,/mnt/storage/data/molmetal/crossdocked/extracted/crossdocked_pocket10/CHIB_SERMA_1_499_0/4z2g_A_rec_4z2g_m6v_lig_tt_docked_16.sdf,,,,,CrossDocked2020_local
test_093,/mnt/storage/data/molmetal/crossdocked/extracted/crossdocked_pocket10/COAA_MYCTU_1_312_0/3af2_A_rec_3af4_gcp_lig_tt_min_0_pocket10.pdb,/mnt/storage/data/molmetal/crossdocked/extracted/crossdocked_pocket10/COAA_MYCTU_1_312_0/3af2_A_rec_3af4_gcp_lig_tt_min_0.sdf,,,,,CrossDocked2020_local
test_094,/mnt/storage/data/molmetal/crossdocked/extracted/crossdocked_pocket10/CONA_CANCT_1_237_0/1jn2_P_rec_1val_png_lig_tt_docked_11_pocket10.pdb,/mnt/storage/data/molmetal/crossdocked/extracted/crossdocked_pocket10/CONA_CANCT_1_237_0/1jn2_P_rec_1val_png_lig_tt_docked_11.sdf,,,,,CrossDocked2020_local
test_095,/mnt/storage/data/molmetal/crossdocked/extracted/crossdocked_pocket10/DFPA_LOLVU_2_314_0/3li4_A_rec_2gvv_di9_lig_tt_min_0_pocket10.pdb,/mnt/storage/data/molmetal/crossdocked/extracted/crossdocked_pocket10/DFPA_LOLVU_2_314_0/3li4_A_rec_2gvv_di9_lig_tt_min_0.sdf,,,,,CrossDocked2020_local
test_096,/mnt/storage/data/molmetal/crossdocked/extracted/crossdocked_pocket10/DHAK_ECOLI_1_356_0/3pnm_A_rec_3pnq_2ha_lig_tt_docked_10_pocket10.pdb,/mnt/storage/data/molmetal/crossdocked/extracted/crossdocked_pocket10/DHAK_ECOLI_1_356_0/3pnm_A_rec_3pnq_2ha_lig_tt_docked_10.sdf,,,,,CrossDocked2020_local
test_097,/mnt/storage/data/molmetal/crossdocked/extracted/crossdocked_pocket10/DIDH_RAT_1_319_0/1afs_A_rec_1afs_tes_lig_tt_min_0_pocket10.pdb,/mnt/storage/data/molmetal/crossdocked/extracted/crossdocked_pocket10/DIDH_RAT_1_319_0/1afs_A_rec_1afs_tes_lig_tt_min_0.sdf,,,,,CrossDocked2020_local
test_098,/mnt/storage/data/molmetal/crossdocked/extracted/crossdocked_pocket10/DYRK2_HUMAN_145_550_0/4azf_A_rec_5lxc_7aa_lig_tt_min_0_pocket10.pdb,/mnt/storage/data/molmetal/crossdocked/extracted/crossdocked_pocket10/DYRK2_HUMAN_145_550_0/4azf_A_rec_5lxc_7aa_lig_tt_min_0.sdf,,,,,CrossDocked2020_local
test_099,/mnt/storage/data/molmetal/crossdocked/extracted/crossdocked_pocket10/EXG1_CANAL_41_438_0/2pc8_A_rec_1eqc_cts_lig_tt_docked_6_pocket10.pdb,/mnt/storage/data/molmetal/crossdocked/extracted/crossdocked_pocket10/EXG1_CANAL_41_438_0/2pc8_A_rec_1eqc_cts_lig_tt_docked_6.sdf,,,,,CrossDocked2020_local
