smiles,source
c1ccc([P](c2ccccc2)(c2ccccc2)[Pt]([P](c2ccccc2)(c2ccccc2)c2ccccc2)([P](c2ccccc2)(c2ccccc2)c2ccccc2)[P](c2ccccc2)(c2ccccc2)c2ccccc2)cc1,platinai
O=C1[O-]->[Pt+2]2(<-[NH2][C@@H]3CCCC[C@H]3[NH2]->2)<-[O-]C1=O,platinai
[NH3]->[Pt+2]1(<-[NH3])<-[O-]CC(=O)[O-]->1,platinai
[Cl-].c1ccc(P(c2ccccc2)c2ccccc2)cc1.c1cn[nH]c1.c1cnn(C(n2cccn2)n2cccn2)c1,platinai
CC(C)c1cccc(C(C)C)c1[N]1=Cc2c3ccccc3n3CC4CCC[O]4->[Y+3]<-1(<-[CH2-][Si](C)(C)C)(<-[CH2-][Si](C)(C)C)(<-[c-]23)<-[O]1CCCC1,platinai
c1cc2ccc3ccc[n]4->[Pt]5(<-[NH2]CC[NH2]->5)<-[n](c1)c2c34,tmqm
c1cc2ccc3cccc4c5nc(-c6cnccn6)nnc5c(c1)c2c34.c1ccc(Nc2ccccn2)nc1.c1ccc(Nc2ccccn2)nc1,tmqm
Oc1cccnc1.[Cl-].c1ccc(P(c2ccccc2)c2ccccc2)cc1.c1cnn(C(n2cccn2)n2cccn2)c1,metal_cytotox
Fc1c(F)c(F)c(C2=C3C=CC4=[N]3->[Pt+2]35<-[N]6=C(C=CC6=C(c6c(F)c(F)c(F)c(F)c6F)c6ccc2[n]63)C(c2c(F)c(F)c(F)c(F)c2F)=c2ccc([n]25)=C4c2c(F)c(F)c(F)c(F)c2F)c(F)c1F,tmqm
CC(C)c1cccc(C(C)C)c1[N-](P(C(C)C)C(C)C)->[Y+3]1234(<-[CH2-]c5ccccc5[N]->1(C)C)<-[CH2-][c]->21cccc[c]->31[N]->4(C)C,tmqm
[CH3-]->[Pt+2]123(<-[CH3-])<-[CH]4=[CH]->1CC[CH]->2=[CH]->3CC4,platinai
c1cc[c-](->[Pt+2]234(<-[c-]5ccccc5)<-[CH]5=[CH]->2CC[CH]->3=[CH]->4CC5)cc1,tmqm
[C-]#[N+]CP(=O)(OCC)OCC.[Cl-].c1ccc(P(c2ccccc2)c2ccccc2)cc1.c1cnn(C(n2cccn2)n2cccn2)c1,platinai
CC1[O-]->[Pt+2]2(<-[NH2]CC3CCC3C[NH2]->2)<-[O-]C1=O,platinai
CC#N.CC#N.CC#N.CC#N.[c-]1n(-c2ccccn2)cc[n+]1Cc1ccccc1,platinai
CCCCC1=[N](C(C)C)->[Sc+3]2345(<-[N-2][N+]#N)(<-[N-2][N+]#N)(<-[N-]1C(C)C)<-[c]1(C)[c]->2(C)[c]->3(C)[c-]->4(C)[c]->51C,platinai
CC1(C)C2CC=C(C=C3C[Si](C)(C)[N-](C(C)(C)C)->[Y+3]456(<-[CH2-]3)<-[CH2-][C]->4(C[Si](C)(C)[N-]->5C(C)(C)C)=[CH]->6C3=CCC4CC3C4(C)C)C1C2,platinai
C[Si](C)(C)[CH-]([Si](C)(C)C)->[Zr+4]1234567(<-[cH]8[cH]->1[cH]->2[cH-]->3[cH]->4[cH]->5[cH-]->6[cH]->78)<-[CH-]([Si](C)(C)C)[Si](C)(C)C,platinai
Cc1ccc(C(C)C)cc1.[Cl-].[O-]/C(=N\N=C/c1c2ccccc2cc2ccccc12)c1ccc(Cl)cc1,tmqm
CC1=CC(C)=[N](c2c(C)cccc2C)->[Y+3](<-[N-]1c1c(C)cccc1C)(<-[N-](c1ccccc1)P(c1ccccc1)c1ccccc1)<-[N-](c1ccccc1)P(c1ccccc1)c1ccccc1,platinai
c1ccc(-c2cc(-c3ccccc3)[n](->[Y+3]345(<-[n]6[nH]c(-c7ccccc7)cc6-c6ccccc6)(<-[n]6c(-c7ccccc7)cc(-c7ccccc7)[n-]->36)(<-[n]3c(-c6ccccc6)cc(-c6ccccc6)[n-]->43)<-[n]3c(-c4ccccc4)cc(-c4ccccc4)[n-]->53)[nH]2)cc1,metal_cytotox
[I-][Pt+2]1([I-])<-[NH2][C@@H]2CCCC[C@H]2[NH2]->1,platinai
C[C@@H]1[O-]->[Pt+2]2(<-[NH2]C[C@@H]3CC[C@H]3C[NH2]->2)<-[O-]C1=O,tmqm
CC#N.CC#N.Fc1c(F)c(F)c(C[n+]2[c-]n(-c3ccccn3)cc2)c(F)c1F.c1cnc2c(c1)ccc1cccnc12,tmqm
c1ccc([P](c2ccccc2)(c2ccccc2)[Pt]2(<-[CH2]=[CH2]->2)[P](c2ccccc2)(c2ccccc2)c2ccccc2)cc1,tmqm
[S-]c1ncccn1.c1ccc(P(CCCCP(c2ccccc2)c2ccccc2)c2ccccc2)cc1.c1ccc(P(c2ccccc2)c2ccccn2)cc1,platinai
CN1CC[N]2(Cc3ccc4C[N]56->[Y+3]<-2(<-[CH2-][Si](C)(C)C)(<-[CH2-][Si](C)(C)C)(<-[n-]34)<-[N](C)(CC5)CC6)CC1,tmqm
CCc1cccc(CC)c1NC1=[O]->[Y+3]23(<-[O]=C(Nc4c(CC)cccc4CC)C4CC5CCCC5[N+]4(CCC[N+]4([O-]->2)C1CC1CCCC14)[O-]->3)(<-[O-]S(=O)(=O)C(F)(F)F)(<-[O-]S(=O)(=O)C(F)(F)F)(<-[OH]C)<-[OH]C,platinai
Cc1ccc(C(C)C)cc1.[Cl-].[O-]/C(=N\N=C/c1cccs1)c1ccc(Br)cc1,tmqm
COP(OC)OC.[Cl-].c1ccc(P(c2ccccc2)c2ccccc2)cc1.c1cnn(C(n2cccn2)n2cccn2)c1,tmqm
[Cl-].[O-]/C(=N\N=C/c1cccs1)c1ccc(Br)cc1.c1ccccc1,platinai
CC1(C)CC(C)(C)c2n[n]3->[Y+3]45678(<-[O-][N+](=O)[O-]->4)(<-[O-][N+](=O)[O-]->5)(<-[O-][N+](=O)[O-]->6)<-[n]4nc5c(nc4-c4ccc6ccc9ccc(-c3nc21)[n]->7c9c6[n]->84)C(C)(C)CC5(C)C,platinai
CC[SiH](CC)[CH]1=[Si](C)[N-]([Si](C)(C)C)->[Y+3]<-123(<-[n]1c(C)cc(C)n1[BH-](n1c(C)cc(C)[n]->21)n1c(C)cc(C)[n]->31)<-[O]1CCCC1.[CH3-],tmqm
C1N2CN3CN1CP(C2)C3.CP(C)c1ccccc1.[Cl-].c1cnn([BH-](n2cccn2)n2cccn2)c1,platinai
Cc1cc(C(C)(C)C)[n]2->[Y+3]3(<-[CH3-])(<-[PH-]c4c(C(C)C)cccc4C(C)C)<-[n]4c(C(C)(C)C)cc(C)n4[BH-](n12)n1c(C)cc(C(C)(C)C)[n]->31,tmqm
[Cl-].[O-]/C(=N\N=C/c1cccs1)c1ccccc1.c1ccccc1,tmqm
O=C1[O-]->[Pt+2]2(<-[NH2][C@@H]3CCCC[C@H]3[NH2]->2)<-[O-]C1=O,tmqm
[Cl-].c1ccc(P(c2ccccc2)c2ccccc2)cc1.c1ccc2[nH]cnc2c1.c1cnn(C(n2cccn2)n2cccn2)c1,tmqm
[OH-]->[Pt+4](<-[OH-])(<-[OH-])(<-[OH-])(<-[OH2])<-[OH2],metal_cytotox
Cc1ccc([B-]23c4cccc5[B-]6(c7ccc(C)cc7)n7ccc[n]7->[Sc+3](<-[n]45)(<-[n]4cccn42)(<-[n]2cccn23)(<-[n]2cccn26)<-[O]2CCCC2)cc1,tmqm
C=C[O-]->[Y+3]12(<-[N](=C(N(Cc3ccccc3)Cc3ccccc3)[N-]->1c1c(C(C)C)cccc1C(C)C)c1c(C(C)C)cccc1C(C)C)(<-[N](=C(Cc1ccccc1N(C)C)[N-]->2C(C)C)C(C)C)<-[O]1CCCC1,tmqm
O=C1[O-]->[Pt+2]2(<-[NH2]C3CCCC3[NH2]->2)<-[O-]C(=O)c2c1cccc2[N+](=O)[O-],tmqm
CC1=CC(C)=[N](c2c(C(C)C)cccc2C(C)C)->[YH+2](<-[C-](=[SiH]c2ccccc2)[SiH2]c2ccccc2)(<-[N](=[Si](C)C)[Si](C)(C)C)<-[N-]1c1c(C(C)C)cccc1C(C)C,tmqm
[Cl-].[Cl-].c1ccc(-c2ccnc3c2ccc2c(-c4ccccc4)ccnc23)cc1.c1ccc(-c2ccnc3c2ccc2c(-c4ccccc4)ccnc23)cc1,metal_cytotox
[C-]#[N+]CP(=O)(OCC)OCC.[Cl-].c1ccc(P(c2ccccc2)c2ccccc2)cc1.c1cnn(C(n2cccn2)n2cccn2)c1,tmqm
COc1ccc(/C([O-])=N/N=C\c2c3ccccc3cc3ccccc23)cc1.[Cl-].c1ccccc1,tmqm
C[c]12->[Sc+3]34567(<-[CH2-]c8ccccc8[N]->3(C)C)(<-[CH2-]c3ccccc3[N]->4(C)C)<-[c]13[c]->5([c-]->6(C)[c]->72[Si](C)(C)C)CCCC3,platinai
[Cl-].[O-]/C(=N\N=C/c1c2ccccc2cc2ccccc12)c1ccc(Cl)cc1.c1ccccc1,tmqm
CCCCC1=[N](C(C)C)->[Sc+3]23456(<-[O-]N=NC(c7ccccc7)=[C-]->2c2ccccc2)(<-[N-]1C(C)C)<-[c]1(C)[c]->3(C)[c]->4(C)[c-]->5(C)[c]->61C,platinai
Cc1cc(C)[n]2->[Y+3]34(<-[S-][Si](C)(C)[N-]->3[Si](C)(C)C)(<-[n]3c(C)cc(C)n3[BH-](n12)n1c(C)cc(C)[n]->41)<-[O]1CCCC1,tmqm
Cc1c[c]23->[Sc+3]4567(<-[CH2-][Si](C)(C)C)(<-[CH2-][Si](C)(C)C)<-[n]8cccc9cccc(-[c-]->4([c]->5(C)[c]->62C)[c]->73s1)c98,tmqm
[C-]#[N+]C1CCCCC1.[Cl-].c1ccc(P(c2ccccc2)c2ccccc2)cc1.c1cnn(C(n2cccn2)n2cccn2)c1,platinai
CCCCCCCCCCCCCC(=O)[O-]->[Pt+2]1(<-[NH2][C@@H]2CCCC[C@H]2[NH2]->1)<-[O-]C(=O)CCCCCCCCCCCCC,platinai
C[Si](C)(C)[N]1=C2C=CC=CC2=[N]2c3ccccc3[N-]([Si](C)(C)C)->[Y+]<-2<-1(<-[O]1CCCC1)(<-[O]1CCCC1)<-[O]1CCCC1,tmqm
Cc1ccnc2c1ccc1c(C)ccnc12.Cc1ccnc2c1ccc1c(C)ccnc12.c1cc2ccc3cccc4c5nc(-c6cnccn6)nnc5c(c1)c2c34,tmqm
O=c1c(-c2ccc(O)cc2)coc2cc(O)cc([O-])c12.c1ccc(-c2ccnc3c2ccc2c(-c4ccccc4)ccnc23)cc1.c1ccc(-c2ccnc3c2ccc2c(-c4ccccc4)ccnc23)cc1,tmqm
Cn1ccnc1.[Cl-].c1ccc(P(c2ccccc2)c2ccccc2)cc1.c1cnn(C(n2cccn2)n2cccn2)c1,tmqm
COc1ccc(/C([O-])=N/N=C\c2cccs2)cc1.Cc1ccc(C(C)C)cc1.[Cl-],tmqm
COc1ccc(/C([O-])=N/N=C\C2=CNC3C=CC=CC23)cc1.[Cl-].c1ccccc1,tmqm
C[N]12->[Y+3]3(<-[CH3-])(<-[CH3-])(<-[O-]S(=O)(=O)C(F)(F)F)<-[N](C)(CC1)CC[N]->3(C)CC2,tmqm
CN1CCCC1=[O]->[Y+21]123(<-[O]=C4CCCN4C)(<-[O]=C4CCCN4C)(<-[O-]c4c(N([O-])[O-])cc(N([O-])[O-])cc4N([O-])[O-]->1)(<-[O-]c1c(N([O-])[O-])cc(N([O-])[O-])cc1N([O-])[O-]->2)<-[O-]c1c(N([O-])[O-])cc(N([O-])[O-])cc1N([O-])[O-]->3,tmqm
C=C[O-]->[Y+3]1234(<-[CH2-][c]->15cccc[c]->25[N]->3(C)C)(<-[N](=C(N(Cc1ccccc1)Cc1ccccc1)[N-]->4c1c(C(C)C)cccc1C(C)C)c1c(C(C)C)cccc1C(C)C)<-[O]1CCCC1,tmqm
CC#N.[Cl-].c1ccc(P(c2ccccc2)c2ccccc2)cc1.c1cnn(C(n2cccn2)n2cccn2)c1,tmqm
Cc1ccc(C(C)C)cc1.[Cl-].[O-]/C(=N\N=C/c1c2ccccc2cc2ccccc12)c1ccccc1,platinai
CC(C)(C)c1cccc(C(C)(C)C)c1[O-]->[Sc+3]1(<-[O-]c2c(C(C)(C)C)cccc2C(C)(C)C)<-[S-]P(c2ccccc2)(c2ccccc2)=[N]->1C(C)(C)C,tmqm
O=C([O-]->[Pt+2]1(<-[NH2]C2CCCCC2[NH2]->1)<-[O-]C(=O)c1cccc(F)c1)c1cccc(F)c1,tmqm
Cc1ccnc(-c2cc(C)ccn2)c1.Cc1ccnc(-c2cc(C)ccn2)c1.c1cc2ccc3cccc4c5nc(-c6cnccn6)nnc5c(c1)c2c34,tmqm
[c-]1ccccc1-c1ccccn1.c1cc2ccc3cccc4c5nc(-c6cnccn6)nnc5c(c1)c2c34.c1ccc(-c2ccccn2)nc1,platinai
c1cc2ccc3cccc4c5nc(-c6cnccn6)nnc5c(c1)c2c34.c1ccc(-c2ccccn2)nc1.c1ccc(-c2ccccn2)nc1,tmqm
CC1(C)CCC(C)(C)c2c[c]34->[Y+]5678(<-[CH][Si](C)(C)C)(<-[CH][Si](C)(C)C)(<-[n]9ccccc9C[c]->5([c]->63cc21)[c]->71cc2c(c[c-]->814)C(C)(C)CCC2(C)C)<-[O]1CCCC1,tmqm
CC1=CC(C)=[N](c2ccc(F)cc2)->[Sc+3](<-[CH2-][Si](C)(C)C)(<-[CH2-][Si](C)(C)C)(<-[N-]1c1ccc(F)cc1)<-[O]1CCCC1,tmqm
Cc1c(C)n(C(C)C)c(=[N]2CC[c-]34->[Sc+3]<-2567(<-[CH2-][Si](C)(C)C)(<-[CH2-][Si](C)(C)C)<-[c]2(cccc[c]->523)[c]->62cccc[c]->724)n1C(C)C,tmqm
C[Si](C)(C)[CH2-]->[Y+3]12345(<-[CH2-][Si](C)(C)C)<-[c]6(CC[N]->17CCCC7)[c]->21cccc[c]->31[c-]->41cccc[c]->561,tmqm
Cc1ccc2cccc([O-]->[Sc+3]34(<-[O-]c5cccc6ccc(C)[nH+]c56)(<-[O-]c5cccc6ccc(C)[n]->3c56)<-[O-]c3cccc5ccc(C)[n]->4c35)c2n1,tmqm
c1cc[n]2->[Pt]3(<-[NH2]CC[NH2]->3)<-[n]3ccccc3-c2c1,platinai
COc1ccc(/C([O-])=N/N=C\c2c3ccccc3cc3ccccc23)cc1.Cc1ccc(C(C)C)cc1.[Cl-],platinai
Cc1cc(C)c(O)c(C[N]23->[Y+3]45678<-[O-]c9c(C)cc(C)cc9C[N]->4(CC2)CC[N]->5(Cc2cc(C)cc(C)c2[O-]->6)CC[N]->7(Cc2cc(C)cc(C)c2[O-]->8)CC3)c1,platinai
Cc1ccnc2c1ccc1c(C)ccnc12.Cc1ccnc2c1ccc1c(C)ccnc12.c1cc2ccc3cccc4c5nc(-c6cnccn6)nnc5c(c1)c2c34,tmqm
Cc1ccc(C(C)C)cc1.[Cl-].[O-]/C(=N\N=C/c1cccs1)c1ccccc1,tmqm
[Cl-].[O-]/C(=N\N=C/C1=CNC2C=CC=CC12)c1ccccc1.c1ccccc1,tmqm
O=C1C[NH+]2CCCN3CCN(CCC[NH+](CC(=O)[O-]->[Y+3]456(<-[OH2])(<-[O-]1)(<-[O-][N+](=O)[O-]->4)(<-[O-][N+](=O)[O-]->5)<-[O-][N+](=O)[O-]->6)CC3)CC2,metal_cytotox
[Cl-]->[Y+3](<-[Cl-])(<-[n]1ccccc1)(<-[n]1ccccc1)(<-[n]1ccccc1)(<-[n]1ccccc1)<-[n]1ccccc1,tmqm
CC(C)[Si](C#Cc1c2ccccc2c(C2=CC=CC3=C4C=CC5c6cccc(-c7c8ccccc8c(C#C[Si](C(C)C)(C(C)C)C(C)C)c8ccccc78)[n]6->[Y+3](<-[N]=54)(<-[N-]23)(<-[n-]2ccc3ccccc32)<-[n-]2ccc3ccccc32)c2ccccc12)(C(C)C)C(C)C,tmqm
CSC(S)=NN=Cc1ccc([O-])cc1[O-].[C-]#[O+].c1ccc(P(c2ccccc2)c2ccccc2)cc1.c1ccc(P(c2ccccc2)c2ccccc2)cc1,tmqm
[OH2]->[Pt]1(<-[OH2])<-[NH2][C@@H]2CCCC[C@H]2[NH2]->1,tmqm
CN(C)C=[O]->[Sc+3](<-[Cl-])(<-[Cl-])(<-[Cl-])(<-[O]=CN(C)C)<-[O]=CN(C)C,tmqm
[BH3]->[Y-]1234(<-[BH3])(<-[cH]5[c]->1([Si](C)(C)C)[cH]->2[c-]->3([Si](C)(C)C)[c]->45[Si](C)(C)C)<-[O]1CCCC1.[H+].[H+],tmqm
[Cl-]->[Sc+3](<-[Cl-])(<-[Cl-])(<-[n]1ccccc1)(<-[n]1ccccc1)<-[n]1ccccc1,platinai
[Cl-].[O-]c1ccc2ccccc2c1CNCC1CCCCC1.c1ccccc1,platinai
[Cl-].c1ccc(P(c2ccccc2)c2ccccc2)cc1.c1ccc(P(c2ccccc2)c2ccccc2)cc1.c1cnn(C(n2cccn2)n2cccn2)c1,tmqm
COc1cc(/C=C/C(=O)/C=C([O-])/C=C/c2ccc(O)c(OC)c2)ccc1O.c1ccc(-c2ccccn2)nc1.c1ccc(-c2ccccn2)nc1,tmqm
COc1ccccc1[N]1=C([N-]2c3ccccc3[O](C)->[Y+3]<-1<-2345<-[N-](c1ccccc1[O]->3C)C(Cc1ccccc1N(C)C)([N-]->4c1ccccc1[O]->5C)C(C)(C)C)C(C)(C)C,platinai
CSC(S)=NN=Cc1ccc([O-])cc1[O-].[C-]#[O+].c1ccc(P(c2ccccc2)c2ccccc2)cc1.c1ccc(P(c2ccccc2)c2ccccc2)cc1,tmqm
Oc1cccnc1.[Cl-].c1ccc(P(c2ccccc2)c2ccccc2)cc1.c1cnn(C(n2cccn2)n2cccn2)c1,tmqm
O=C1CC(=O)[O-]->[Pt+2]2(<-[NH2]CC[NH2]->2)<-[O-]1,tmqm
Cc1cc(C)cc([N-](C(C)(C)C)->[Sc+]234(<-[cH]5c6ccccc6[cH]->2[c]->32cccc[c]->452)<-[N-](c2cc(C)cc(C)c2)C(C)(C)C)c1,tmqm
C[Si](C)(C)[Si-]1([Si](C)(C)C)[Si](C)(C)[O]2[Si](C)(C)[Si-]([Si](C)(C)C)([Si](C)(C)C)->[Y+3]<-2<-13456789%10(<-[cH]1[cH]->3[cH]->4[cH-]->5[cH]->61)<-[cH]1[cH]->7[cH]->8[cH-]->9[cH]->%101,tmqm
CC(C)([O-]->[Sc+3]12345678(<-[c]9(C)[c]->1(C)[c]->2(C)[c-]->3(C)[c]->49C)<-[c]1(C)[c]->5(C)[c]->6(C)[c-]->7(C)[c]->81C)C(F)(F)F,tmqm
O=c1cc(-c2ccccc2)oc2cc(O)cc([O-])c12.c1ccc(-c2ccnc3c2ccc2c(-c4ccccc4)ccnc23)cc1.c1ccc(-c2ccnc3c2ccc2c(-c4ccccc4)ccnc23)cc1,tmqm
Cc1n(C)[c-](->[Sc+3](<-[N-]([Si](C)(C)C)[Si](C)(C)C)(<-[N-]([Si](C)(C)C)[Si](C)(C)C)<-[N-]([Si](C)(C)C)[Si](C)(C)C)c[n+]1C,tmqm
O=[N+]([O-])[O-]->[Pt+2]1(<-[NH2][C@@H]2CCCC[C@H]2[NH2]->1)<-[O-][N+](=O)[O-],tmqm
Cc1ccnc2c1ccc1c(C)ccnc12.Cc1ccnc2c1ccc1c(C)ccnc12.c1cc2ccc3cccc4c5nc(-c6cnccn6)nnc5c(c1)c2c34,platinai
COc1ccc(/C([O-])=N/N=C\c2c3ccccc3cc3ccccc23)cc1.Cc1ccc(C(C)C)cc1.[Cl-],platinai
[BH3]->[YH+2]12(<-[N-](c3cc(C(C)(C)C)cc4c3[O]->1c1c([N-]->2c2c(C(C)C)cccc2C(C)C)cc(C(C)(C)C)cc1C4(C)C)c1c(C(C)C)cccc1C(C)C)(<-[O]1CCCC1)<-[O]1CCCC1,tmqm
C[Si](C)(C)[c-]12->[YH+6]3456789(<-[F-])(<-[cH]([cH]->3[cH]->41)[cH]->52)<-[cH]1[cH]->6[cH]->7[c-]->8([Si](C)(C)C)[cH]->91.[CH2-][B-](c1[c-]c(F)c(F)c(F)c1F)(c1c(F)c(F)c(F)c(F)c1F)c1c(F)c(F)c(F)c(F)c1F,tmqm
COc1ccc(/C([O-])=N/N=C\c2c3ccccc3cc3ccccc23)cc1.[Cl-].c1ccccc1,tmqm
O=CC(Br)=C(Br)C(=O)[O-]->[Pt+2]1(<-[NH2]C2CCCCC2[NH2]->1)<-[O-]C(=O)C(Br)=C(Br)C=O,metal_cytotox
C[OH]->[Y+3]123(<-[O-]c4c(O)c(Br)c(Br)c(Br)c4Br)(<-[O-]c4c(Br)c(Br)c(Br)c(Br)c4[O-]->1)(<-[n]1ccccc1-c1cccc[n]->21)<-[n]1ccccc1-c1cccc[n]->31,tmqm
CC1=C(CCC(=O)[O-])C2=[N]3->[Pt+2]45<-[N]6=C(C=c7c(CCC(=O)[O-])c(C)c([n]74)=C2)C(CCC(=O)[O-])=C(C)C6=Cc2c(C)c(CCC(=O)[O-])c([n]25)C=C13,tmqm
CCCC[O-]->[Y+3](<-[N-]([Si](C)(C)C)[Si](C)(C)C)(<-[N-]([Si](C)(C)C)[Si](C)(C)C)<-[N-]([Si](C)(C)C)[Si](C)(C)C,tmqm
c1ccc([N-](c2ccccc2)->[Y+3](<-[N-](c2ccccc2)c2ccccc2)(<-[N-](c2ccccc2)c2ccccc2)(<-[O]2CCCC2)<-[O]2CCCC2)cc1,tmqm
CC1=[N](C(C)C)->[Sc+]23456(<-[N]7=C(c8ccccc8)C(c8ccccc8)=NC7=[N]->2c2ccccc2)(<-[N-]1C(C)C)<-[c]1(C)[c]->3(C)[c]->4(C)[c-]->5(C)[c]->61C,tmqm
CC(C)[N]1=Cc2ccc[n-]2->[Y+3]<-123(<-[N](=Cc1ccc[n-]->21)C(C)C)<-[N](=Cc1ccc[n-]->31)C(C)C,platinai
O=c1cc(-c2ccccc2)oc2cc(O)cc([O-])c12.c1ccc(-c2ccnc3c2ccc2c(-c4ccccc4)ccnc23)cc1.c1ccc(-c2ccnc3c2ccc2c(-c4ccccc4)ccnc23)cc1,tmqm
[Cl-].c1ccc(P(c2ccccc2)c2ccccc2)cc1.c1ccc2[nH]cnc2c1.c1cnn(C(n2cccn2)n2cccn2)c1,tmqm
COc1cc(/C=C/C(=O)/C=C([O-])/C=C/c2ccc(O)c(OC)c2)ccc1O.c1ccc(-c2ccccn2)nc1.c1ccc2cc3nc4c5cccnc5c5ncccc5c4nc3cc2c1,tmqm
[Cl-].[O-]/C(=N\N=C/c1c2ccccc2cc2ccccc12)c1ccccc1.c1ccccc1,tmqm
CCCC[C]12=[N](C(C)C)->[Sc+]<-134567(<-[C](c1ccccc1)#[C]->3[Si](C)(C)C)(<-[N-]2C(C)C)<-[c]1(C)[c]->4(C)[c]->5(C)[c-]->6(C)[c]->71C,tmqm
Cc1ccc2[O-]->[Y+3]3456(<-[Br-])<-[O-]c7ccc(C)cc7C[N]->3(CC[N]->4(Cc2c1)Cc1ccc(F)c[n]->51)Cc1ccc(F)c[n]->61,platinai
C[Si](C)(C)[N]1=[C]2(c3ccccc3)[N-]([Si](C)(C)C)->[Sc+3]<-1<-2345<-[n]1ccccc1C[N]->3(CC[N-]->4[Si](C)(C)C)CC[N-]->5[Si](C)(C)C,tmqm
CN(C)C=[O]->[Y+3](<-[OH2])(<-[OH2])(<-[O]=CN(C)C)(<-[O]=CN(C)C)(<-[O-]S(=O)(=O)c1ccc(N=Nc2ccc(N(C)C)cc2)cc1)(<-[O-]S(=O)(=O)c1ccc(N=Nc2ccc(N(C)C)cc2)cc1)<-[O-]S(=O)(=O)c1ccc(N=Nc2ccc(N(C)C)cc2)cc1,tmqm
CC(C)C1O[C@@H]2C[NH2]->[Pt+2]3(<-[NH2]C[C@H]2O1)<-[O-]C(=O)CC(=O)[O-]->3,tmqm
O[NH2]->[Pt](<-[NH2]O)(<-[NH2]O)<-[NH2]O,tmqm
Cc1occc(=O)c1[O-].c1ccc(-c2ccnc3c2ccc2c(-c4ccccc4)ccnc23)cc1.c1ccc(-c2ccnc3c2ccc2c(-c4ccccc4)ccnc23)cc1,tmqm
c1cc2ccc3cccc4c5nc(-c6cnccn6)nnc5c(c1)c2c34.c1cnc2c(c1)ccc1cccnc12.c1cnc2c(c1)ccc1cccnc12,platinai
O=c1c(O)c(-c2ccc(O)cc2O)oc2cc(O)cc([O-])c12.c1ccc(-c2ccnc3c2ccc2c(-c4ccccc4)ccnc23)cc1.c1ccc(-c2ccnc3c2ccc2c(-c4ccccc4)ccnc23)cc1,tmqm
[Cl-].c1ccc(P(c2ccccc2)c2ccccc2)cc1.c1ccc(P(c2ccccc2)c2ccccc2)cc1.c1cnn(C(n2cccn2)n2cccn2)c1,platinai
Cc1ccc(C(C)C)cc1.[Cl-].[O-]/C(=N\N=C/C1=CNC2C=CC=CC12)c1ccccc1,tmqm
CC(C)[N]1=C(N([Si](C)(C)C)[Si](C)(C)C)[N-](C(C)C)->[Y+3]<-123456(<-[cH]1c([B-](c7ccccc7)(c7ccccc7)c7ccccc7)[cH]->2[cH]->3[cH]->4[cH]->51)<-[N](=C(N([Si](C)(C)C)[Si](C)(C)C)[N-]->6C(C)C)C(C)C,tmqm
C[Si]1=[CH2]->[Y+3](<-[N-]1[Si](C)(C)C)(<-[N-]([Si](C)(C)C)[Si](C)(C)C)<-[N-]([Si](C)(C)C)[Si](C)(C)C.[CH3-],tmqm
CC12[N]3(->[Y+3]4(<-[CH2-][Si](C)(C)C)(<-[CH2-][Si](C)(C)C)(<-[CH2-][Si](C)(C)C)<-[N](C)(CC[N]->4(C)C1)C2)CCCC3,tmqm
[C-]#[N+]C1CCCCC1.[Cl-].c1ccc(P(c2ccccc2)c2ccccc2)cc1.c1cnn(C(n2cccn2)n2cccn2)c1,tmqm
C[N]12->[Y+3]3(<-[Cl-])(<-[Cl-])(<-[Cl-])<-[N](C)(CC1)CC[N]->3(C)CC2,tmqm
O=c1cc(-c2ccccc2)oc2cccc([O-])c12.c1ccc(-c2ccnc3c2ccc2c(-c4ccccc4)ccnc23)cc1.c1ccc(-c2ccnc3c2ccc2c(-c4ccccc4)ccnc23)cc1,tmqm
CC#N.[Cl-].c1ccc(P(c2ccccc2)c2ccccc2)cc1.c1cnn(C(n2cccn2)n2cccn2)c1,tmqm
FC(F)(F)C([O-]->[Y+3](<-[O-]C(C(F)(F)F)C(F)(F)F)(<-[n]1ccccc1)(<-[n]1ccccc1)(<-[n]1ccccc1)(<-[n]1ccccc1)<-[n]1ccccc1)C(F)(F)F,tmqm
CC(C)c1cccc(C(C)C)c1N=Cc1cc(C(C)(C)C)cc2C=[N](c3c(C(C)C)cccc3C(C)C)->[Y+3]34(<-[O-]c12)(<-[c-]1ccccc1-c1cccc[n]->31)(<-[c-]1ccccc1-c1cccc[n]->41)<-[O]1CCCC1,tmqm
O=C1[CH]2=[CH](c3ccccc3)->[Pt]<-2345<-[CH](C(=O)[CH]2=[CH](c6ccccc6)->[Pt]<-267(<-[CH]1=[CH]->6c1ccccc1)<-[CH](C(=O)[CH]->3=[CH]->4c1ccccc1)=[CH]->7c1ccccc1)=[CH]->5c1ccccc1,tmqm
CC1=[N](C(C)C)->[Sc+]23456(<-[NH]=C(C(=[NH]->2)c2ccccc2)c2ccccc2)(<-[N-]1C(C)C)<-[c]1(C)[c]->3(C)[c]->4(C)[c-]->5(C)[c]->61C,platinai
Cc1cccc(C)c1[NH-]->[Sc+3]12(<-[NH-]c3c(C)cccc3C)<-[n-]3c(CN4CCN(C)CC4)ccc3C[N]->13CC[N]->2(C)CC3,tmqm
Fc1ccc(C2=C3c4ccccc4C4=[N]3->[Pt+2]35<-[N]6=C(C(c7ccc(F)cc7)=c7c8ccccc8c([n]73)=C4c3ccc(F)cc3)c3ccccc3C6=C(c3ccc(F)cc3)c3c4ccccc4c2[n]35)cc1,platinai
[Cl-].c1ccc(P(c2ccccc2)c2ccccc2)cc1.c1ccc2[nH]cnc2c1.c1cnn(C(n2cccn2)n2cccn2)c1,platinai
[NH3]->[Pt+2](<-[NH3])(<-[NH3])(<-[NH3])(<-[OH-])<-[OH-],platinai
CC(C)c1cccc(C(C)C)c1N1CCN(c2c(C(C)C)cccc2C(C)C)P12=[O]->[Y+3]13(<-[CH2-]c4ccccc4[N]->1(C)C)(<-[CH2-]c1ccccc1[N]->3(C)C)<-[O-]2,platinai
S=C=[N-]->[Y+3]12345(<-[N-]=C=S)(<-[N-]=C=S)<-[n]6cc7cccc(c[n]->1c1ccccc1[n]->2cc1cccc(c[n]->3c2ccccc26)[n]->41)[n]->57,tmqm
C[c]12->[Sc+3]3456(<-[CH2-][Si](C)(C)C)(<-[CH2-][Si](C)(C)C)<-[n]7cccc8cccc(-[c-]->3([c]->41C)[c]->5(C)[c]->62C)c87,tmqm
Cn1ccnc1.[Cl-].c1ccc(P(c2ccccc2)c2ccccc2)cc1.c1cnn(C(n2cccn2)n2cccn2)c1,tmqm
[Cl-]->[Sc+3]12(<-[Cl-])(<-[Cl-])<-[n]3ccccc3-c3cc(-c4ccccc4)cc(-c4cccc[n]->14)[n]->23,tmqm
Cc1ccc(C(C)C)cc1.[Cl-].[Cl-].c1ccc(SCCCP(c2ccccc2)c2ccccc2)cc1,tmqm
O=c1c(O)c(-c2ccc(O)cc2O)oc2cc(O)cc([O-])c12.c1ccc(-c2ccnc3c2ccc2c(-c4ccccc4)ccnc23)cc1.c1ccc(-c2ccnc3c2ccc2c(-c4ccccc4)ccnc23)cc1,tmqm
Cc1ccc(C(C)C)cc1.[Cl-].[O-]/C(=N\N=C/c1cccs1)c1ccc(Cl)cc1,tmqm
c1cc2ccc3cccc4c5nc(-c6cnccn6)nnc5c(c1)c2c34.c1ccc(Nc2ccccn2)nc1.c1ccc(Nc2ccccn2)nc1,tmqm
COc1cc(/C=C/C(=O)/C=C([O-])/C=C/c2ccc(O)c(OC)c2)ccc1O.c1ccc(-c2ccccn2)nc1.c1ccc2cc3nc4c5cccnc5c5ncccc5c4nc3cc2c1,tmqm
Cc1occc(=O)c1[O-].c1ccc(-c2ccnc3c2ccc2c(-c4ccccc4)ccnc23)cc1.c1ccc(-c2ccnc3c2ccc2c(-c4ccccc4)ccnc23)cc1,tmqm
[Cl-].[O-]/C(=N\N=C/C1=CNC2C=CC=CC12)c1ccccc1.c1ccccc1,tmqm
CC(C)(C)c1cc(C23CC4CC(CC(C4)C2)C3)c([O-]->[Y+3](<-[O-]c2c(C34CC5CC(CC(C5)C3)C4)cc(C(C)(C)C)cc2C23CC4CC(CC(C4)C2)C3)<-[O-]c2c(C34CC5CC(CC(C5)C3)C4)cc(C(C)(C)C)cc2C23CC4CC(CC(C4)C2)C3)c(C23CC4CC(CC(C4)C2)C3)c1,tmqm
[OH2]->[Y+3]123(<-[OH2])(<-[O]=c4cccccc4[O-]->1)(<-[O]=c1cccccc1[O-]->2)<-[O]=c1cccccc1[O-]->3,tmqm
c1cc2ccc3cccc4c5nc(-c6cnccn6)nnc5c(c1)c2c34.c1ccc(-c2ccccn2)nc1.c1ccc(-c2ccccn2)nc1,tmqm
Cc1ccc2[N-]3c4ccc(C)cc4[P](C(C)C)(C(C)C)->[Sc+3]<-3(<-[CH3-])(<-[CH-]=P(c3ccccc3)(c3ccccc3)c3ccccc3)<-[P](c2c1)(C(C)C)C(C)C,platinai
Oc1cccnc1.[Cl-].c1ccc(P(c2ccccc2)c2ccccc2)cc1.c1cnn(C(n2cccn2)n2cccn2)c1,tmqm
CP(=[O]->[Y+3]123(<-[O]=P(C)(c4ccccc4)c4ccccc4)(<-[O]=P(C)(c4ccccc4)c4ccccc4)(<-[O-][N+](=O)[O-]->1)(<-[O-][N+](=O)[O-]->2)<-[O-][N+](=O)[O-]->3)(c1ccccc1)c1ccccc1,tmqm
CC(C)c1cccc(C(C)C)c1N1[C](->[Sc+3](<-[CH2-][Si](C)(C)C)(<-[CH2-][Si](C)(C)C)<-[CH2-][Si](C)(C)C)C(C)(C)CC1(C)C,metal_cytotox
[NH3]->[Pt+2](<-[NH3])(<-[NH3])(<-[NH3])<-[OH-],tmqm
C[Si](C)(C)[N-]1c2ccccc2[N-]2c3ccccc3[N-]([Si](C)(C)C)->[Sc+3]<-2<-1(<-[O]1CCCC1)(<-[O]1CCCC1)<-[O]1CCCC1,platinai
Cc1c(C)n(C(C)C)c(=[N]2CC[c-]34->[Y+3]<-2567(<-[CH2-][Si](C)(C)C)(<-[CH2-][Si](C)(C)C)<-[c]2(cccc[c]->523)[c]->62cccc[c]->724)n1C(C)C,tmqm
CC#N.CC#N.[c-]1n(-c2ccccn2)cc[n+]1Cc1ccccc1.c1cnc2c(c1)ccc1cccnc12,tmqm
c1cc2ccc3cccc4c5nc(-c6cnccn6)nnc5c(c1)c2c34.c1ccc(-c2ccccn2)nc1.c1ccc(-c2ccccn2)nc1,tmqm
Cc1ccc(C(C)C)cc1.[Cl-].[O-]/C(=N\N=C/C1=CNC2C=CC=CC12)c1ccccc1,tmqm
CC(C)(C)[N-]1Cc2cccc[n]2->[Sc+3]<-12(<-[CH2-][Si](C)(C)C)<-[n]1ccccc1C[N-]->2C(C)(C)C,tmqm
C[Si](C)(C)[N-]([Si](C)(C)C)->[Y+3](<-[N-]([Si](C)(C)C)[Si](C)(C)C)(<-[N-]([Si](C)(C)C)[Si](C)(C)C)<-[O]1CCCC1,metal_cytotox
CC(C)C1COC2c3ccccc3[N]3=C4C=CC=CC4=C4C=CC=CC4=[N]4c5ccccc5C5=[N](->[Sc+3]<-3<-4(<-[C-3][Si](C)(C)C)<-[N]=21)C(C(C)C)CO5,tmqm
Cc1cc(C)[n]2->[Y+3]34(<-[n]5c(C)cc(C)n5[BH-](n12)n1c(C)cc(C)[n]->31)(<-[N-]([SiH2]c1ccccc1)C(=C[Si](C)(C)[N-]->4[Si](C)(C)C)Cc1ccccc1)<-[O]1CCCC1,tmqm
COCC1(C)C[NH2]->[Pt+2]2(<-[NH2]C1)<-[O-]C(=O)C1(C(=O)[O-]->2)CCC1,tmqm
c1cc2ccc3cccc4c5nc(-c6cnccn6)nnc5c(c1)c2c34.c1cnc2c(c1)ccc1cccnc12.c1cnc2c(c1)ccc1cccnc12,tmqm
c1cc2ccc3cccc4c5nc(-c6cnccn6)nnc5c(c1)c2c34.c1ccc(-c2ccccn2)nc1.c1ccc(-c2ccccn2)nc1,tmqm
[Cl-].[O-]/C(=N\N=C/C1=CNC2C=CC=CC12)c1ccc(Cl)cc1.c1ccccc1,tmqm
CCC[N-]1C(c2ccccc2)[P-](P2N(c3c(C(C)C)cccc3C(C)C)CCN2c2c(C(C)C)cccc2C(C)C)->[Sc+3]<-12<-[N](=C(C)C=C(C)[N-]->2c1c(C(C)C)cccc1C(C)C)c1c(C(C)C)cccc1C(C)C,platinai
CC[O](CC)->[Sc+3]123<-[O-]C(c4ccccc4[P]->1(c1ccccc1C([O-]->2)(C(F)(F)F)C(F)(F)F)c1ccccc1C([O-]->3)(C(F)(F)F)C(F)(F)F)(C(F)(F)F)C(F)(F)F,tmqm
CC1=CC(C)=[N](c2ccccc2F)->[Sc+3](<-[CH2-][Si](C)(C)C)(<-[CH2-][Si](C)(C)C)(<-[N-]1c1ccccc1F)<-[O]1CCCC1,tmqm
CN1C=C[N-]2->[Sc+3]3(<-[CH2-][Si](C)(C)C)(<-[CH2-][Si](C)(C)C)<-[CH](c4ccc(C(C)(C)C)cc4-c4n(C)cc[n]->34)=c3ccc(C(C)(C)C)cc3=C12,tmqm
Cc1ccc(C(C)C)cc1.O=S(CCCP(c1ccccc1)c1ccccc1)c1ccccc1.[Cl-].[Cl-],tmqm
[Cl-]->[Y+3]12(<-[Cl-])(<-[Cl-])(<-[n]3ccccc3)<-[n]3ccccc3-c3cc(-c4ccccc4)cc(-c4cccc[n]->14)[n]->23,metal_cytotox
C[Si](C)(C)[N-]([Si](C)(C)C)->[Y+3]1234(<-[n]5cccn5[BH-](n5ccc[n]->15)n1ccc[n]->21)<-[n]1cccn1[BH-](n1ccc[n]->31)n1ccc[n]->41,tmqm
C[Si](C)(C)[CH2-]->[Y+3](<-[CH2-][Si](C)(C)C)(<-[CH2-][Si](C)(C)C)(<-[O]1CCCC1)<-[O]1CCCC1,tmqm
Cc1ccnc(-c2cc(C)ccn2)c1.Cc1ccnc(-c2cc(C)ccn2)c1.c1cc2ccc3cccc4c5nc(-c6cnccn6)nnc5c(c1)c2c34,tmqm
O=C([O-])c1ccc(C2=C3C=CC4=[N]3->[Pt+2]35<-[N]6=C(C=CC6=C(c6ccc(C(=O)[O-])cc6)c6ccc2[n]63)C(c2ccc(C(=O)[O-])cc2)=c2ccc([n]25)=C4c2ccc(C(=O)[O-])cc2)cc1,platinai
Cc1cc(C)[n]2->[Y+3]34(<-[n]5c(C)cc(C)n5[BH-](n12)n1c(C)cc(C)[n]->31)(<-[N-]([SiH2]c1ccccc1)C(=C[Si](C)(C)[N-]->4[Si](C)(C)C)Cc1ccc(F)cc1)<-[O]1CCCC1,tmqm
CC(C)c1cccc(C(C)C)c1N=Cc1cc(C(C)(C)C)cc2C=[N](c3c(C(C)C)cccc3C(C)C)->[Sc+3](<-[CH2-][Si](C)(C)C)(<-[CH2-][Si](C)(C)C)(<-[O-]c12)<-[O]1CCCC1,tmqm
CC1=CC(C)=[N](c2c(F)cccc2F)->[Sc+3](<-[CH2-][Si](C)(C)C)(<-[CH2-][Si](C)(C)C)(<-[N-]1c1c(F)cccc1F)<-[O]1CCCC1,tmqm
[Cl-].[Cl-].c1ccc(-c2ccnc3c2ccc2c(-c4ccccc4)ccnc23)cc1.c1ccc(-c2ccnc3c2ccc2c(-c4ccccc4)ccnc23)cc1,metal_cytotox
CC1=CC(C)=[N]2CC[N](C)(C)->[Sc+]<-2(<-[C](C(C)=PP2N(c3c(C(C)C)cccc3C(C)C)CCN2c2c(C(C)C)cccc2C(C)C)c2ccccc2)<-[N-]1c1c(C(C)C)cccc1C(C)C,tmqm
C[SiH](C)[N-](c1ccccc1)->[Sc+3](<-[N-](c1ccccc1)[SiH](C)C)(<-[N-](c1ccccc1)[SiH](C)C)(<-[O]1CCCC1)<-[O]1CCCC1,tmqm
O=[N+]1[O-]->[Y+3]234567(<-[O-]1)(<-[O-][N+](=O)[O-]->2)<-[N]1=Cc2cccc([n]->32)C=[N]->4CC[N]->5=Cc2cccc([n]->62)C=[N]->7CC1,tmqm
O=[N+]1[O-]->[Y+3]234(<-[O]=P(c5ccccc5)(c5ccccc5)c5ccccc5)(<-[O]=P(c5ccccc5)(c5ccccc5)C(CP(c5ccccc5)c5ccccc5)P(=[O]->2)(c2ccccc2)c2ccccc2)(<-[O-]1)(<-[O-][N+](=O)[O-]->3)<-[O-][N+](=O)[O-]->4,tmqm
CC(C)c1cccc(C(C)C)c1[N-]1Cc2cccc[n]2->[Y+3]<-12(<-[n]1ccccc1C[N-]->2c1c(C(C)C)cccc1C(C)C)<-[N-]([Si](C)(C)C)[Si](C)(C)C,tmqm
c1cc2ccc3cccc4c5nc(-c6cnccn6)nnc5c(c1)c2c34.c1cnc2c(c1)ccc1cccnc12.c1cnc2c(c1)ccc1cccnc12,tmqm
Cc1cc2[N](=c3n(C(C)C)ccn3C(C)C)->[Y+3]3(<-[CH2-][Si](C)(C)C)(<-[CH2-][Si](C)(C)C)<-[N](c4cc(C)cc5c4[N-]->3c2c(c1)C5(C)C)=c1n(C(C)C)ccn1C(C)C,platinai
CC1(C)COC2=C3C=CC=CC3=[N]3c4ccccc4[P](c4ccccc4)(c4ccccc4)->[Y+3]<-3(<-[CH2-][Si](C)(C)C)(<-[CH2-][Si](C)(C)C)<-[N-]21,platinai
S=C=[N-]->[Y+3]12345(<-[N-]=C=S)(<-[N-]=C=S)<-[N]6=Cc7cccc([n]->17)C=[N]->2CC[N]->3=Cc1cccc([n]->41)C=[N]->5CC6,tmqm
OCC[NH]1CC[NH2]->[Pt+2]<-12<-[NH2]CC[NH]->2CCO,tmqm
O=C([O-])c1ccc2C(=O)[O-]->[Pt+2]3(<-[NH2]C4CCCCC4[NH2]->3)<-[O-]C(=O)c2c1,tmqm
CC1=CC(C)=[N](c2c(C)cc(C)cc2C)->[Y+3]23(<-[N-](C[P]->2(c2ccccc2)c2ccccc2)c2ccccc2)(<-[N-](C[P]->3(c2ccccc2)c2ccccc2)c2ccccc2)<-[N-]1c1c(C)cc(C)cc1C,tmqm
[C-]#[N+]CP(=O)(OCC)OCC.[Cl-].c1ccc(P(c2ccccc2)c2ccccc2)cc1.c1cnn(C(n2cccn2)n2cccn2)c1,tmqm
[Cl-].[Cl-].c1ccc(-c2ccnc3c2ccc2c(-c4ccccc4)ccnc23)cc1.c1ccc(-c2ccnc3c2ccc2c(-c4ccccc4)ccnc23)cc1,tmqm
[H-][Pt+2]([P](C)(C)[O-])([P](C)(C)[O-])[P](C)(C)[O-],tmqm
[NH3]->[Pt](<-[NH3])(<-[n]1cn([C@@H]2O[C@H](CO)[C@@H](O)[C@H]2O)c2[nH]c(=O)[nH]c(=O)c21)<-[n]1cn([C@@H]2O[C@H](CO)[C@@H](O)[C@H]2O)c2[nH]c(=O)[nH]c(=O)c21,metal_cytotox
[C-]#[N+]CP(=O)(OCC)OCC.[Cl-].c1ccc(P(c2ccccc2)c2ccccc2)cc1.c1cnn(C(n2cccn2)n2cccn2)c1,tmqm
COP(OC)OC.[Cl-].c1ccc(P(c2ccccc2)c2ccccc2)cc1.c1cnn(C(n2cccn2)n2cccn2)c1,tmqm
Cc1ccc(C(C)C)cc1.[Cl-].[O-]/C(=N\N=C/c1c2ccccc2cc2ccccc12)c1ccccc1,tmqm
Cc1cccc(C)c1[NH-]->[Y+3]123(<-[NH-]c4c(C)cccc4C)<-[n-]4c(C[N]->15CCN(C)CC5)ccc4C[N]->21CC[N]->3(C)CC1,tmqm
CC(C)c1cccc(C(C)C)c1[N]1=C[N-](c2c(C(C)C)cccc2C(C)C)->[Y+3]<-123(<-[O-]C#P)(<-[CH](=[N]->2c1c(C(C)C)cccc1C(C)C)[N-]->3c1c(C(C)C)cccc1C(C)C)<-[O]1CCCC1,platinai
CC(C)(C)[N-]1Cc2cccc[n]2->[Y+3]<-12(<-[n]1ccccc1C[N-]->2C(C)(C)C)<-[N-]([Si](C)(C)C)[Si](C)(C)C,tmqm
Cc1c2[O-]->[Sc+3]34(<-[O]=c2ccn1C)(<-[O]=c1ccn(C)c(C)c1[O-]->3)<-[O]=c1ccn(C)c(C)c1[O-]->4,tmqm
C[O]1CC[O](C)->[Y+3]<-123(<-[Cl-])(<-[Cl-])<-[O]([Si](C)(C)[Si-]->2([Si](C)(C)C)[Si](C)(C)C)[Si](C)(C)[Si-]->3([Si](C)(C)C)[Si](C)(C)C,tmqm
CC(C)c1cccc(C(C)C)c1[N-]1C2CCCc3ccc[n](->[Y+3]<-1(<-[CH2-][Si](C)(C)C)(<-[CH2-][Si](C)(C)C)<-[O]1CCCC1)c32,tmqm
c1cc2ccc3cccc4c5nc(-c6cnccn6)nnc5c(c1)c2c34.c1ccc(-c2ccccn2)nc1.c1ccc(-c2ccccn2)nc1,tmqm
[Cl-]->[Y+3](<-[Cl-])(<-[O]1CCCC1)(<-[O]1CCCC1)(<-[O]1CCCC1)(<-[O]1CCCC1)<-[O]1CCCC1,tmqm
O=C([O-])CC(C(=O)[O-])C1[O-]->[Pt+2]2(<-[NH2]C3CCCCC3[NH2]->2)<-[O-]C1=O,tmqm
CC(C)[c]12->[Y+3]3456789(<-[I-])(<-[c]1(C(C)C)[c]->3(C(C)C)[c-]->4(C(C)C)[c]->52C(C)C)<-[c]1(C(C)C)[c]->6(C(C)C)[c]->7(C(C)C)[c-]->8(C(C)C)[c]->91C(C)C,tmqm
c1cc2ccc3cccc4c5nc(-c6cnccn6)nnc5c(c1)c2c34.c1ccc(-c2ccnc3c2ccc2c(-c4ccccc4)ccnc23)cc1.c1ccc(-c2ccnc3c2ccc2c(-c4ccccc4)ccnc23)cc1,tmqm
C[Si](C)(C)[CH2-]->[Y+3]12345(<-[CH2-][Si](C)(C)C)<-[c]6(CC[N]->17CCCCC7)[c]->21cccc[c]->31[c-]->41cccc[c]->561,platinai
C1N2CN3CN1CP(C2)C3.Cc1n(CCc2ccccc2)cc[n+]1C.[Cl-].[Cl-],metal_cytotox
O=[N+]([O-])[Pt+4](<-[O-]S(=O)(=O)[O-])(<-[O-]S(=O)(=O)[O-])[N+](=O)[O-],tmqm
COP(OC)OC.[Cl-].c1ccc(P(c2ccccc2)c2ccccc2)cc1.c1cnn(C(n2cccn2)n2cccn2)c1,tmqm
[NH3]->[Pt+2]1(<-[NH3])<-[O-]P(=O)([O-])C[N]->1(CP(=O)([O-])[O-])CP(=O)([O-])[O-],platinai
O=c1c(-c2ccc(O)cc2)coc2cc(O)cc([O-])c12.c1ccc(-c2ccnc3c2ccc2c(-c4ccccc4)ccnc23)cc1.c1ccc(-c2ccnc3c2ccc2c(-c4ccccc4)ccnc23)cc1,tmqm
[C-]#[N+]C1CCCCC1.[Cl-].c1ccc(P(c2ccccc2)c2ccccc2)cc1.c1cnn(C(n2cccn2)n2cccn2)c1,tmqm
Cn1ccnc1.[Cl-].c1ccc(P(c2ccccc2)c2ccccc2)cc1.c1cnn(C(n2cccn2)n2cccn2)c1,platinai
[Cl-].[O-]/C(=N\N=C/c1cccs1)c1ccc(Cl)cc1.c1ccccc1,metal_cytotox
Cc1cc(C)cc([N-](C(C)(C)C)->[Sc+3](<-[N-](c2cc(C)cc(C)c2)C(C)(C)C)(<-[N-](c2cc(C)cc(C)c2)C(C)(C)C)<-[O]2CCCC2)c1,tmqm
[S-]c1ncccn1.c1ccc(P(CCCCP(c2ccccc2)c2ccccc2)c2ccccc2)cc1.c1ccc(P(c2ccccc2)c2ccccn2)cc1,tmqm
COc1cc(/C=C/C(=O)/C=C([O-])/C=C/c2ccc(O)c(OC)c2)ccc1O.c1ccc(-c2ccccn2)nc1.c1ccc(-c2ccccn2)nc1,tmqm
[Cl-].[O-]/C(=N\N=C/c1c2ccccc2cc2ccccc12)c1ccc(Cl)cc1.c1ccccc1,platinai
CC1[O-]->[Pt+2]2(<-[NH2]C[C@@H]3CC[C@H]3C[NH2]->2)<-[O-]C1=O,platinai
CC(C)(C)c1cc(C(C)(C)C)cc(C([O-]->[Y+3](<-[CH2-][Si](C)(C)C)(<-[CH2-][Si](C)(C)C)(<-[O]2CCCC2)(<-[O]2CCCC2)<-[O]2CCCC2)(c2cc(C(C)(C)C)cc(C(C)(C)C)c2)c2cc(C(C)(C)C)cc(C(C)(C)C)c2)c1,platinai
CC1(C)COC2c3ccccc3[N]3=C4C=CC=CC4=C4C=CC=CC4=[N]4c5ccccc5C5=[N](->[Sc+]<-3<-4(<-[Se-]C[Si](C)(C)C)(<-[N]=21)<-[O]1CCCC1)C(C)(C)CO5,tmqm
CC1=[N](C(C)C)->[Sc+]2345678(<-[cH]9c%10ccccc%10[cH]->2[c]->32cccc[c]->492)(<-[N-]1C(C)C)<-[c]1(C)[c]->5(C)[c]->6(C)[c-]->7(C)[c]->81C,tmqm
[OH2]->[Pt]12<-[n]3ccccc3-c3cccc(-c4cccc[n]->14)[n]->23,tmqm
CC(C)[N]1=C(N(C)C)[N-](C(C)C)->[Y+3]<-123456789(<-[cH]1[cH]->2[cH]->3[cH-]->4[cH]->51)<-[cH]1[cH]->6[cH]->7[cH-]->8[cH]->91,metal_cytotox
O=c1cc(-c2ccccc2)oc2cccc([O-])c12.c1ccc(-c2ccnc3c2ccc2c(-c4ccccc4)ccnc23)cc1.c1ccc(-c2ccnc3c2ccc2c(-c4ccccc4)ccnc23)cc1,tmqm
[I-][Pt+4]([I-])([I-])([I-])([I-])[I-],platinai
COP(OC)OC.[Cl-].c1ccc(P(c2ccccc2)c2ccccc2)cc1.c1cnn(C(n2cccn2)n2cccn2)c1,tmqm
S=C=[N-]->[Y+3]12345(<-[N-]=C=S)(<-[N-]=C=S)<-[N]6=Cc7cccc([n]->17)C=[N]->2CCC[N]->3=Cc1cccc([n]->41)C=[N]->5CCC6,tmqm
COc1ccc([N-]([Si](C)(C)OC(C)(C)C)->[Zr+4]2(<-[Cl-])(<-[N-](c3ccc(OC)cc3)[Si](C)(C)OC(C)(C)C)<-[N-](c3ccc(OC)cc3)[Si](C)(C)[O]->2C(C)(C)C)cc1,tmqm
CCCCN(CCCC)C1=[O]->[Y+3]2345(<-[O]=C(c6ccc7ccc8ccc1[n]->2c8c7[n]->36)N(CCCC)CCCC)(<-[O-][N+](=O)[O-])(<-[O-][N+](=O)[O-]->4)<-[O-][N+](=O)[O-]->5,tmqm
COc1cc(/C=C/C(=O)/C=C([O-])/C=C/c2ccc(O)c(OC)c2)ccc1O.c1ccc(-c2ccccn2)nc1.c1ccc2cc3nc4c5cccnc5c5ncccc5c4nc3cc2c1,tmqm
Fc1c(F)c(F)c([O-]->[Y+3](<-[O-]c2c(F)c(F)c(F)c(F)c2F)(<-[n]2ccccc2)(<-[n]2ccccc2)(<-[n]2ccccc2)(<-[n]2ccccc2)<-[n]2ccccc2)c(F)c1F,tmqm
CC(C)c1cccc(C(C)C)c1[N-](P(C1CCCCC1)C1CCCCC1)->[Y+3]12(<-[CH2-]c3ccccc3[N]->1(C)C)<-[CH2-]c1ccccc1[N]->2(C)C,tmqm
CC(C)(C)N[P+](c1ccccc1)([c-]1[cH-][cH+][cH-][cH-][cH-]1)[N-]1[C-]2[CH+][CH+][CH+][N-]2->[Sc+5]<-1(<-[O-]c1c(C(C)(C)C)cccc1C(C)(C)C)<-[O-]c1c(C(C)(C)C)cccc1C(C)(C)C,platinai
O=C1[O-]->[Pt+4]2(<-[NH2]CC3CCC[NH]->23)<-[O-]C(=O)C12CCC2,tmqm
C[c]12->[Pt+4]345(<-[CH3-])(<-[CH3-])(<-[CH3-])<-[c]1(C)[c]->3(C)[c-]->4(C)[c]->52C,tmqm
[c-]1ccccc1-c1ccccn1.c1cc2ccc3cccc4c5nc(-c6cnccn6)nnc5c(c1)c2c34.c1ccc(-c2ccccn2)nc1,tmqm
C[N]1(C)CC[N](C)(C)->[Y+3]<-1(<-[CH2-][Si](C)(C)C)(<-[CH2-][Si](C)(C)C)<-[CH2-][Si](C)(C)C,metal_cytotox
S=C=[N-]->[Y+3]1234(<-[N-]=C=S)(<-[N-]=C=S)(<-[n]5ccccc5-c5nc(-c6ccccn6)nc(-c6cccc[n]->16)[n]->25)<-[n]1ccccc1-c1nc(-c2ccccn2)nc(-c2cccc[n]->32)[n]->41,platinai
c1ccc(P2(=NP(=[Se]->[Y+3]345(<-[Se]=P(N=P([Se-]->3)(c3ccccc3)c3ccccc3)(c3ccccc3)c3ccccc3)(<-[Se]=P(c3ccccc3)(c3ccccc3)[N]->4=P([Se-]->5)(c3ccccc3)c3ccccc3)<-[Se-]2)(c2ccccc2)c2ccccc2)c2ccccc2)cc1,tmqm
Cc1ccnc(-c2cc(C)ccn2)c1.Cc1ccnc(-c2cc(C)ccn2)c1.c1cc2ccc3cccc4c5nc(-c6cnccn6)nnc5c(c1)c2c34,platinai
CC1=CC(C)=[N](c2c(C(C)C)cccc2C(C)C)->[Sc+3](<-[c-]2c(F)c(F)c(F)c(F)c2F)<-[N-]1c1c(C(C)C)cccc1C(C)C,tmqm
CC(C)(C)[Si](C)(C1=[N](C2CCCCC2)->[Y+3]234(<-[N]([Si](C)(C)C)=P(c5ccccc5)(c5ccccc5)[C-]->2(C(=NC2CCCCC2)[N-]->3C2CCCCC2)P(c2ccccc2)(c2ccccc2)=[N]->4[Si](C)(C)C)<-[N-]1C1CCCCC1)C(C)(C)C,tmqm
O=c1c(O)c(-c2ccc(O)cc2O)oc2cc(O)cc([O-])c12.c1ccc(-c2ccnc3c2ccc2c(-c4ccccc4)ccnc23)cc1.c1ccc(-c2ccnc3c2ccc2c(-c4ccccc4)ccnc23)cc1,tmqm
Cc1occc(=O)c1[O-].c1ccc(-c2ccnc3c2ccc2c(-c4ccccc4)ccnc23)cc1.c1ccc(-c2ccnc3c2ccc2c(-c4ccccc4)ccnc23)cc1,tmqm
[Cl-].[O-]/C(=N\N=C/C1=CNC2C=CC=CC12)c1ccccc1.c1ccccc1,tmqm
CC1=CC(C)=[N](c2c(C(C)C)cccc2C(C)C)->[Sc+3](<-[CH-]2CC2)(<-[CH-]2CC2)<-[N-]1c1c(C(C)C)cccc1C(C)C,tmqm
CC1(C)CO[C+]2[C+]3[CH-][CH+][CH-][CH+][C+]3[N-]3[c+]4[cH+][cH+][cH+][cH-][c+]4[C-]4[CH+][CH+][CH-][CH-][C-]4[N-]4[c-]5[cH-][cH+][cH-][cH-][c-]5[C+]5OCC(C)(C)[N-]5->[Sc+3]<-3<-4(<-[N-]21)<-[O]1CCCC1,tmqm
Cc1cc(C)cc([N-](C(C)(C)C)->[Sc+3](<-[CH2-][Si](C)(C)C)(<-[N-](c2cc(C)cc(C)c2)C(C)(C)C)<-[O]2CCCC2)c1,tmqm
[I-][Pt+2]123([I-])<-[CH]4=[CH]->1CC[CH]->2=[CH]->3CC4,platinai
O=C1[O-]->[Pt+2]2(<-[NH2]C1CCC1[NH2]->[Pt+2]3(<-[O-]C1=O)<-[n]1ccccc1-c1cccc[n]->31)<-[n]1ccccc1-c1cccc[n]->21,tmqm
[Cl-].c1ccc(P(c2ccccc2)c2ccccc2)cc1.c1cn[nH]c1.c1cnn(C(n2cccn2)n2cccn2)c1,tmqm
COc1ccc(/C([O-])=N/N=C\c2c3ccccc3cc3ccccc23)cc1.[Cl-].c1ccccc1,platinai
Cc1c(C)c(C)[c]23->[Sc+3]4567(<-[O-]c8c(C(C)C)cccc8C(C)C)(<-[N-](C(C)C)[Si](C)(C)[c-]->42[c]->5(C)[c]->6(C)[c]->73c1C)<-[O]1CCCC1,tmqm
O=C1[O-]->[Pt+2](<-[O-]1)([P](c1ccccc1)(c1ccccc1)c1ccccc1)[P](c1ccccc1)(c1ccccc1)c1ccccc1,platinai
COP(OC)OC.[Cl-].c1ccc(P(c2ccccc2)c2ccccc2)cc1.c1cnn(C(n2cccn2)n2cccn2)c1,tmqm
[c-]1ccccc1-c1ccccn1.c1cc2ccc3cccc4c5nc(-c6cnccn6)nnc5c(c1)c2c34.c1ccc(-c2ccccn2)nc1,tmqm
COc1ccc(/C([O-])=N/N=C\C2=CNC3C=CC=CC23)cc1.Cc1ccc(C(C)C)cc1.[Cl-],platinai
CC(C)C[N-]1Cc2cccc[n]2->[Sc+3]<-123(<-[n]1ccccc1C[N-]->2CC(C)C)<-[n]1ccccc1C[N-]->3CC(C)C,tmqm
[C-]#[N+]C1CCCCC1.[Cl-].c1ccc(P(c2ccccc2)c2ccccc2)cc1.c1cnn(C(n2cccn2)n2cccn2)c1,tmqm
c1ccc([S-]->[Pt+2]23<-[n]4ccccc4-c4cccc(-c5cccc[n]->25)[n]->34)cc1,tmqm
CC(C)n1cc[n+]2CCC[c]34->[Sc+3]567(<-[CH2-][Si](C)(C)C)(<-[CH2-][Si](C)(C)C)(<-[c-]12)<-[c]31cccc[c]->51[c-]->61cccc[c]->741,tmqm
[c-]1ccccc1-c1ccccn1.c1cc2ccc3cccc4c5nc(-c6cnccn6)nnc5c(c1)c2c34.c1ccc(-c2ccccn2)nc1,tmqm
[c-]1ccccc1-c1ccccn1.c1cc2ccc3cccc4c5nc(-c6cnccn6)nnc5c(c1)c2c34.c1ccc(-c2ccccn2)nc1,tmqm
CC(C)c1cccc(C(C)C)c1[N]1=C(c2ccccc2)[N-](CCP(c2ccccc2)c2ccccc2)->[Sc+]<-123(<-[CH]c1ccccc1[N]->2(C)C)<-[CH]c1ccccc1[N]->3(C)C,tmqm
CC(C)c1cccc(C(C)C)c1[N]1=C(N(Cc2ccccc2)Cc2ccccc2)[N-](c2c(C(C)C)cccc2C(C)C)->[Y+3]<-1(<-[NH-]c1ccccc1)(<-[NH-]c1ccccc1)(<-[O]1CCCC1)<-[O]1CCCC1,tmqm
c1cc2ccc3cccc4c5nc(-c6cnccn6)nnc5c(c1)c2c34.c1ccc(-c2ccccn2)nc1.c1ccc(-c2ccccn2)nc1,platinai
O=[N+]1[O-]->[Y+3]2(<-[O-]1)(<-[O-][N+](=O)[O-]->2)(<-[O-][As+](c1ccccc1)(c1ccccc1)c1ccccc1)(<-[O-][As+](c1ccccc1)(c1ccccc1)c1ccccc1)(<-[O-][As+](c1ccccc1)(c1ccccc1)c1ccccc1)<-[O-][As+](c1ccccc1)(c1ccccc1)c1ccccc1,platinai
CC[B+](CC)->[YH2+]1(<-[CH2-]C)(<-[CH2-]C)(<-[B+](CC)CC)(<-[N](=C(N([Si](C)(C)C)[Si](C)(C)C)[N-]->1C(C)C)C(C)C)<-[O]1CCCC1,platinai
O=c1cc(-c2ccccc2)oc2cccc([O-])c12.c1ccc(-c2ccnc3c2ccc2c(-c4ccccc4)ccnc23)cc1.c1ccc(-c2ccnc3c2ccc2c(-c4ccccc4)ccnc23)cc1,tmqm
C[OH]->[Y+3]123456<-[O-]c7c(Br)cc(Cl)cc7C[NH]->1CC[NH]->2CC[NH]->3CC[N]->4(Cc1cc(Cl)cc(Br)c1[O-]->5)Cc1cc(Cl)cc(Br)c1[O-]->6,tmqm
C[c]12->[Sc+3]3456(<-[CH2-][Si](C)(C)C)(<-[CH2-][Si](C)(C)C)<-[cH]1[c-]->3(-c1cccc3ccc[n]->4c13)[cH]->5[c]->62C,tmqm
Fc1ccc([P](c2ccc(F)cc2)(c2ccc(F)cc2)[Pt+2]23(<-[CH2]=[CH]->2[CH2-]->3)<-[c-]2ccccc2)cc1,tmqm
Oc1cccnc1.[Cl-].c1ccc(P(c2ccccc2)c2ccccc2)cc1.c1cnn(C(n2cccn2)n2cccn2)c1,tmqm
Cc1cc(C)[n]2->[Y+3]34(<-[n]5c(C)cc(C)n5[BH-](n12)n1c(C)cc(C)[n]->31)(<-[N-]([Si](C)(C)C)[Si](C)(C)[C-]->4([SiH2]c1ccccc1)[SiH2]c1ccccc1)<-[O]1CCCC1,tmqm
Cc1ccnc2c1ccc1c(C)ccnc12.Cc1ccnc2c1ccc1c(C)ccnc12.c1cc2ccc3cccc4c5nc(-c6cnccn6)nnc5c(c1)c2c34,tmqm
c1ccc(P2([S-]->[Y+3]345(<-[S-]P(c6ccccc6)(c6ccccc6)=[C]->3=2)<-[S-]P(c2ccccc2)(c2ccccc2)=[C]->4=P([S-]->5)(c2ccccc2)c2ccccc2)c2ccccc2)cc1,tmqm
CC#N.CC#N.Cc1c(C)c(C)c(C[n+]2[c-]n(-c3ccccn3)cc2)c(C)c1C.c1cnc2c(c1)ccc1cccnc12,tmqm
[Cl-].[O-]/C(=N\N=C/c1c2ccccc2cc2ccccc12)c1ccccc1.c1ccccc1,tmqm
Cc1cc(C)[n]2->[Y+3]345(<-[N]#Cc6ccccc6)(<-[N]([SiH2]c6ccccc6)=C(C=C(c6ccccc6)[N-]->3[Si](C)(C)[N-]->4[Si](C)(C)C)c3ccccc3)<-[n]3c(C)cc(C)n3[BH-](n12)n1c(C)cc(C)[n]->51,tmqm
[S-]C1=NCCS1.c1ccc(P(CCCCP(c2ccccc2)c2ccccc2)c2ccccc2)cc1.c1ccc(P(c2ccccc2)c2ccccn2)cc1,tmqm
C[Si](C)(C)[c]12->[Y+3]3456789%10(<-[Cl-])(<-[cH]1[cH]->3[c-]->4([Si](C)(C)[c]->51[cH]->6[cH]->7[c-]->8([Si](C)(C)C)[cH]->91)[cH]->%102)<-[O]1CCCC1,tmqm
CC1=CC(C)=[N](c2c(C(C)C)cccc2C(C)C)->[Sc+3]2(<-[CH2-]C(C)c3cccc(C(C)C)c3[N-]->21)(<-[CH-]1CC1)<-[O]1CCCC1,platinai
[C]=P([O-]->[Sc+7]12(<-[O-][N+](=O)[O-]->1)(<-[O-][N+](=O)[O-]->2)(<-[O-]P(=[C])(c1ccccc1)c1ccccc1)(<-[O-]P(=[C])(c1ccccc1)c1ccccc1)<-[O-]P(=[C])(c1ccccc1)c1ccccc1)(c1ccccc1)c1ccccc1,platinai
[S-]C1=NCCS1.c1ccc(P(CCCCP(c2ccccc2)c2ccccc2)c2ccccc2)cc1.c1ccc(P(c2ccccc2)c2ccccn2)cc1,tmqm
Cc1ccc(C(C)C)cc1.[Cl-].[O-]/C(=N\N=C/c1c2ccccc2cc2ccccc12)c1ccc(Cl)cc1,platinai
Cc1ccnc(-c2cc(C)ccn2)c1.Cc1ccnc(-c2cc(C)ccn2)c1.c1cc2ccc3cccc4c5nc(-c6cnccn6)nnc5c(c1)c2c34,tmqm
O=c1c(O)c(-c2ccc(O)cc2O)oc2cc(O)cc([O-])c12.c1ccc(-c2ccnc3c2ccc2c(-c4ccccc4)ccnc23)cc1.c1ccc(-c2ccnc3c2ccc2c(-c4ccccc4)ccnc23)cc1,tmqm
CC1=CC(C)=[N]2CC[N](C)(C)->[Sc+3]<-23(<-[N](=C(P=[b-]2n(-c4c(C(C)C)cccc4C(C)C)ccn2-c2c(C(C)C)cccc2C(C)C)[N-]->3C(C)C)C(C)C)<-[N-]1c1c(C(C)C)cccc1C(C)C,metal_cytotox
[OH2]->[Y+3](<-[OH2])(<-[OH2])(<-[OH2])(<-[OH2])(<-[N-]=C=S)(<-[N-]=C=S)<-[N-]=C=S,tmqm
C[N]1(C)c2ccccc2[CH2-]->[Sc+3]<-123(<-[CH2-]c1ccccc1[N]->2(C)C)<-[CH2-]c1ccccc1[N]->3(C)C,tmqm
C[Si](C)=[CH]([Si](C)(C)C)->[Y+3]123456789(<-[CH3-])<-[cH]%10[c]->1%11cccc[c]->2%11[c]->3([Si](C)(C)[c]->41[c]->52cccc[c]->62[cH]->7[c-]->81C)[c-]->9%10C,tmqm
Cc1ccnc(-c2cc(C)ccn2)c1.Cc1ccnc(-c2cc(C)ccn2)c1.c1cc2ccc3cccc4c5nc(-c6cnccn6)nnc5c(c1)c2c34,tmqm
[I-][Pt+2]1([I-])<-[NH2]CC[NH2]->1,tmqm
Cn1ccnc1.[Cl-].c1ccc(P(c2ccccc2)c2ccccc2)cc1.c1cnn(C(n2cccn2)n2cccn2)c1,platinai
[NH3]->[Pt](<-[NH3])(<-[n]1cn(C2OC(CO)C(O)C2O)c2[nH]cnc(=O)c21)<-[n]1cn(C2OC(CO)C(O)C2O)c2[nH]cnc(=O)c21,tmqm
c1cc2ccc3cccc4c5nc(-c6cnccn6)nnc5c(c1)c2c34.c1ccc(-c2ccnc3c2ccc2c(-c4ccccc4)ccnc23)cc1.c1ccc(-c2ccnc3c2ccc2c(-c4ccccc4)ccnc23)cc1,tmqm
c1ccc2[O-]->[Y+3]345(<-[O]=c2cc1)(<-[O]=c1cccccc1[O-]->3)(<-[O]=c1cccccc1[O-]->4)<-[n]1cccc2ccc3ccc[n]->5c3c21,tmqm
c1ccc(P2(=[S]->[Y+3]345(<-[S-]P(c6ccccc6)(c6ccccc6)=[C]->3=P([S-]->4)(c3ccccc3)c3ccccc3)(<-[S-]P(c3ccccc3)(c3ccccc3)=[CH]->52)<-[O]2CCCC2)c2ccccc2)cc1,tmqm
CN1CC[N]2(Cc3ccc4C[N]56->[Y+3]<-2(<-[Cl-])(<-[N-]([Si](C)(C)C)[Si](C)(C)C)(<-[n-]34)<-[N](C)(CC5)CC6)CC1,tmqm
c1ccc(P2(=[N+]=P([Se-]->[Y+3]345(<-[Se-]2)(<-[Se-]P(=[N+]=P([Se-]->3)(c2ccccc2)c2ccccc2)(c2ccccc2)c2ccccc2)<-[Se-]P(c2ccccc2)(c2ccccc2)=[N+]->4=P([Se-]->5)(c2ccccc2)c2ccccc2)(c2ccccc2)c2ccccc2)c2ccccc2)cc1,platinai
O=[N+]([O-])[Pt+4]([N+](=O)[O-])([N+](=O)[O-])[N+](=O)[O-],platinai
c1ccc([P](c2ccccc2)(c2ccccc2)[Pt+2]2(<-[O-]c3c([O-]->2)c2cccnc2c2ncccc32)[P](c2ccccc2)(c2ccccc2)c2ccccc2)cc1,tmqm
[OH][Pt]([OH])([OH])[OH],tmqm
COc1ccc(/C([O-])=N/N=C\c2cccs2)cc1.[Cl-].c1ccccc1,tmqm
CC(C)[N]1=[C]2(C)[N-](C(C)C)->[Sc+3]<-1<-234567(<-[cH]1c2cc[cH-]cc-2ccc2ccccc2[cH-]->31)<-[c]1(C)[c]->4(C)[c]->5(C)[c-]->6(C)[c]->71C,tmqm
CC1(C)COC2c3ccccc3[N]3=C4C=CC=CC4=C4C=CC=CC4=[N]4c5ccccc5C5=[N](->[Sc+]<-3<-4(<-[S-]C[Si](C)(C)C)(<-[N]=21)<-[O]1CCCC1)C(C)(C)CO5,tmqm
NC1N[N](=Cc2ccccn2)->[Pt]2([S]=1)[S]=C(N)N[N]->2=Cc1ccccn1,tmqm
Cc1ccnc(-c2cc(C)ccn2)c1.Cc1ccnc(-c2cc(C)ccn2)c1.c1cc2ccc3cccc4c5nc(-c6cnccn6)nnc5c(c1)c2c34,platinai
COc1ccc(/C([O-])=N/N=C\c2c3ccccc3cc3ccccc23)cc1.Cc1ccc(C(C)C)cc1.[Cl-],platinai
Cc1ccc2[O-]->[Y+3]3456(<-[Cl-])<-[O-]c7ccc(C)cc7C[N]->3(CC[N]->4(Cc2c1)Cc1ccc(F)c[n]->51)Cc1ccc(F)c[n]->61,tmqm
Cc1cccc(C)c1[N-]1C(=[N]2c3ccccc3[P+]([O-]->[Sc+3]<-2<-1(<-[CH2-][Si](C)(C)C)<-[CH2-][Si](C)(C)C)(c1ccccc1)c1ccccc1)C(C)(C)C,tmqm
Cc1ccnc2c1ccc1c(C)ccnc12.Cc1ccnc2c1ccc1c(C)ccnc12.c1cc2ccc3cccc4c5nc(-c6cnccn6)nnc5c(c1)c2c34,tmqm
Cc1ccc(C(C)C)cc1.[Cl-].[O-]/C(=N\N=C/C1=CNC2C=CC=CC12)c1ccc(Cl)cc1,tmqm
[Cl-].[Cl-].c1ccc(-c2ccnc3c2ccc2c(-c4ccccc4)ccnc23)cc1.c1ccc(-c2ccnc3c2ccc2c(-c4ccccc4)ccnc23)cc1,tmqm
c1cc2ccc3cccc4c5nc(-c6cnccn6)nnc5c(c1)c2c34.c1ccc(-c2ccccn2)nc1.c1ccc(-c2ccccn2)nc1,tmqm
C[N+]1c2cccc[n]2->[Y+3](<-[N-]([SiH](C)C)[SiH](C)C)(<-[N-]([SiH](C)C)[SiH](C)C)(<-[N-]([SiH](C)C)[SiH](C)C)<-[si]=12n(C(C)(C)C)[c-](-c1ccccc1)n2C(C)(C)C,tmqm
C[c]12->[Y+3]3456789(<-[c-]%10ccccc%10)(<-[O]%10CCCC%10)(<-[c]1(C)[c]->3(C)[c-]->4(C)[c]->52C)<-[c]1(C)[c]->6(C)[c]->7(C)[c-]->8(C)[c]->91C,tmqm
[c-]1ccccc1-c1ccccn1.c1cc2ccc3cccc4c5nc(-c6cnccn6)nnc5c(c1)c2c34.c1ccc(-c2ccccn2)nc1,tmqm
CC[O]1N=C([O-]->[Zr+4]<-1234(<-[O-]C(=N[O]->2CC)C(C)(C)C)(<-[O-]C(=N[O]->3CC)C(C)(C)C)<-[O-]C(=N[O]->4CC)C(C)(C)C)C(C)(C)C,tmqm
CC#N.CC#N.Cc1c(C)c(C)c(C[n+]2[c-]n(-c3ccccn3)cc2)c(C)c1C.Cc1ccc(-c2ccc(C)cn2)nc1,tmqm
c1cc2ccc3cccc4c5nc(-c6cnccn6)nnc5c(c1)c2c34.c1ccc(Nc2ccccn2)nc1.c1ccc(Nc2ccccn2)nc1,tmqm
Cc1ccc(C(C)C)cc1.[Cl-].[O-]/C(=N\N=C/c1cccs1)c1ccccc1,tmqm
c1ccc([P]2(C[N-]3c4ccccc4[N]45c6ccccc6[N-]6C[P](c7ccccc7)(c7ccccc7)->[Sc+3]<-3<-6<-4<-27<-[N-](C[P]->7(c2ccccc2)c2ccccc2)c2ccccc25)c2ccccc2)cc1,tmqm
Cc1cc(C)c(N2C=CN(c3c(C)cc(C)cc3C)[C]2->[Sc+3](<-[CH2-][Si](C)(C)C)(<-[CH2-][Si](C)(C)C)<-[CH2-][Si](C)(C)C)c(C)c1,tmqm
CC(C)(C)c1cccc(C(C)(C)C)c1[O-]->[Sc+3]1(<-[O-]c2c(C(C)(C)C)cccc2C(C)(C)C)<-[N](C(C)(C)C)=P(c2ccccc2)(c2ccccc2)[N-]->1c1ccc[nH]1,tmqm
CSC(S)=NN=Cc1ccc([O-])cc1[O-].[C-]#[O+].c1ccc(P(c2ccccc2)c2ccccc2)cc1.c1ccc(P(c2ccccc2)c2ccccc2)cc1,tmqm
CC1(C)CCCC(C)(C)[N]12[O-]->[Y+3]<-2(<-[N-]([Si](C)(C)C)[Si](C)(C)C)(<-[N-]([Si](C)(C)C)[Si](C)(C)C)<-[O]1CCCC1,tmqm
C[c]12->[Sc+3]3456(<-[Cl-])(<-[CH2-]c7ccccc7[N]->3(C)C)(<-[O]3CCCC3)<-[c]1(C)[c]->4(C)[c-]->5([Si](C)(C)C)[c]->62C,tmqm
CC[c-]12->[Pt+4]345(<-[CH3-])(<-[CH3-])(<-[CH3-])<-[cH]([cH]->3[cH]->41)[cH]->52,tmqm
CCC1=C(C)C2=Cc3c(CC)c(C)c4[n]3[Pt+2]35<-[N]2=C1C=c1c(C)c(CCC(=O)[O-])c([n]13)=CC1=[N]->5C(=C4)C(C)=C1CCC(=O)[O-],platinai
O=S1(=O)[O-]->[Pt+2]2(<-[NH2][C@@H](c3ccccc3)[C@@H]([NH2]->2)c2ccccc2)<-[O-]1,platinai
c1cc2ccc3cccc4c5nc(-c6cnccn6)nnc5c(c1)c2c34.c1ccc(Nc2ccccn2)nc1.c1ccc(Nc2ccccn2)nc1,tmqm
COc1ccc(CC2=C[Si](C)(C)[N-]([Si](C)(C)C)->[Y+3]34(<-[n]5c(C)cc(C)n5[BH-](n5c(C)cc(C)[n]->35)n3c(C)cc(C)[n]->43)(<-[N-]2[SiH2]c2ccccc2)<-[O]2CCCC2)cc1,platinai
Cc1cc(C)[n]2->[Y+3]34(<-[O-]C(=C[SiH2]c5ccccc5)[Si](C)(C)[N-]->3[Si](C)(C)C)(<-[n]3c(C)cc(C)n3[BH-](n12)n1c(C)cc(C)[n]->41)<-[O]1CCCC1,tmqm
Cc1cc(C)cc([N-](C(C)(C)C)->[Sc+3](<-[Cl-])(<-[N-](c2cc(C)cc(C)c2)C(C)(C)C)<-[O]2CCCC2)c1,tmqm
[Cl-]->[Zr+4]123456789(<-[Cl-])<-[cH]%10[c]->1(C#Cc1ccccc1)[c-]->2(CC[c-]->31[c]->4(C#Cc2ccccc2)[cH]->5[c]->62cccc[c]->721)[c]->81cccc[c]->9%101,tmqm
CCS(=O)CCS(=O)CC.Cc1occc(=O)c1[O-].Cc1occc(=O)c1[O-],tmqm
Cc1ccc(C(C)C)cc1.[Cl-].[O-]/C(=N\N=C/c1c2ccccc2cc2ccccc12)c1ccc(Cl)cc1,tmqm
Cc1ccnc(-c2cc(C)ccn2)c1.Cc1ccnc(-c2cc(C)ccn2)c1.c1cc2ccc3cccc4c5nc(-c6cnccn6)nnc5c(c1)c2c34,metal_cytotox
[Cl-].[O-]/C(=N\N=C/c1cccs1)c1ccccc1.c1ccccc1,platinai
[Cl-].c1ccc(P(c2ccccc2)c2ccccc2)cc1.c1ccc2[nH]cnc2c1.c1cnn(C(n2cccn2)n2cccn2)c1,platinai
CC(C)c1cccc(C(C)C)c1N1C(=[N-]->[Ti+4]2345(<-[Cl-])(<-[Cl-])<-[cH]6[cH]->2[cH]->3[cH-]->4[cH]->56)C(C)(C)CC1(C)C,platinai
c1cc2ccc3cccc4c5nc(-c6cnccn6)nnc5c(c1)c2c34.c1ccc(Nc2ccccn2)nc1.c1ccc(Nc2ccccn2)nc1,platinai
[I-][Pt+4]([I-])([I-])[I-],tmqm
[Cl-].[Cl-].c1ccc(-c2ccnc3c2ccc2c(-c4ccccc4)ccnc23)cc1.c1ccc(-c2ccnc3c2ccc2c(-c4ccccc4)ccnc23)cc1,tmqm
O=c1c(O)c(-c2ccc(O)cc2O)oc2cc(O)cc([O-])c12.c1ccc(-c2ccnc3c2ccc2c(-c4ccccc4)ccnc23)cc1.c1ccc(-c2ccnc3c2ccc2c(-c4ccccc4)ccnc23)cc1,tmqm
C[N]12->[Y+3]3(<-[Cl-])(<-[Cl-])(<-[Cl-])(<-[O]4CCCC4)(<-[O]4CCCC4)<-[N](C)(C1)C[N]->3(C)C2,platinai
Cc1cc(C)cc([N-](C(C)(C)C)->[Sc+]23456(<-[cH]7[c]->28cccc[c]->38[cH]->4[c]->52cccc[c]->672)<-[N-](c2cc(C)cc(C)c2)C(C)(C)C)c1,tmqm
Cc1cc(C)c([N-](P(c2ccccc2)c2ccccc2)->[Y+3]2345(<-[CH2-]c6ccccc6[N]->2(C)C)<-[CH2-][c]->32cccc[c]->42[N]->5(C)C)c(C)c1,tmqm
Cc1occc(=O)c1[O-].c1ccc(-c2ccnc3c2ccc2c(-c4ccccc4)ccnc23)cc1.c1ccc(-c2ccnc3c2ccc2c(-c4ccccc4)ccnc23)cc1,tmqm
c1cc2ccc3cccc4c5nc(-c6cnccn6)nnc5c(c1)c2c34.c1cnc2c(c1)ccc1cccnc12.c1cnc2c(c1)ccc1cccnc12,tmqm
Cc1ccc([CH2-]->[Sc+3]2345(<-[CH2-]c6ccc(C)cc6)(<-[cH-]6[c]->2(-c2ccccc2)[c]->3(-c2ccccc2)[c]->4(-c2ccccc2)[c]->56-c2ccccc2)<-[O]2CCCC2)cc1,tmqm
O=C1[O-]->[Pt+2]2(<-[NH2]CC(CO)(CO)C[NH2]->2)<-[O-]C(=O)C12CCC2,platinai
[Cl-].[O-]/C(=N\N=C/C1=CNC2C=CC=CC12)c1ccc(Cl)cc1.c1ccccc1,tmqm
O=c1cc(-c2ccccc2)oc2cc(O)cc([O-])c12.c1ccc(-c2ccnc3c2ccc2c(-c4ccccc4)ccnc23)cc1.c1ccc(-c2ccnc3c2ccc2c(-c4ccccc4)ccnc23)cc1,tmqm
[C-]#[N+]CP(=O)(OCC)OCC.[Cl-].c1ccc(P(c2ccccc2)c2ccccc2)cc1.c1cnn(C(n2cccn2)n2cccn2)c1,tmqm
c1cc2ccc3cccc4c5nc(-c6cnccn6)nnc5c(c1)c2c34.c1ccc(-c2ccnc3c2ccc2c(-c4ccccc4)ccnc23)cc1.c1ccc(-c2ccnc3c2ccc2c(-c4ccccc4)ccnc23)cc1,tmqm
[c-]1ccccc1-c1ccccn1.c1cc2ccc3cccc4c5nc(-c6cnccn6)nnc5c(c1)c2c34.c1ccc(-c2ccccn2)nc1,tmqm
[Cl-]->[Y+3](<-[Cl-])(<-[O]=P(c1ccccc1)(c1ccccc1)c1ccccc1)(<-[O]=P(c1ccccc1)(c1ccccc1)c1ccccc1)(<-[O]=P(c1ccccc1)(c1ccccc1)c1ccccc1)<-[O]=P(c1ccccc1)(c1ccccc1)c1ccccc1,tmqm
[Cl-].c1ccc(P(c2ccccc2)c2ccccc2)cc1.c1cn[nH]c1.c1cnn(C(n2cccn2)n2cccn2)c1,tmqm
c1cc2ccc3cccc4c5nc(-c6cnccn6)nnc5c(c1)c2c34.c1cnc2c(c1)ccc1cccnc12.c1cnc2c(c1)ccc1cccnc12,tmqm
CC1=C(C)N(C)C(=[C]23->[Sc+3]456(<-[Cl-])(<-[Cl-])(<-[Cl-])<-[CH](=[CH]->42)[CH]->5=[CH]->63)N1C,platinai
CC(C)c1cccc(C(C)C)c1[N-]1C(c2ccccc2)=[N]2CCc3cccc[n]3->[Sc+3]<-2<-1(<-[CH2-][Si](C)(C)C)<-[CH2-][Si](C)(C)C,tmqm
Cc1ccnc2c1ccc1c(C)ccnc12.Cc1ccnc2c1ccc1c(C)ccnc12.c1cc2ccc3cccc4c5nc(-c6cnccn6)nnc5c(c1)c2c34,tmqm
C[c-]12->[Pt+4]345(<-[CH3-])(<-[CH3-])(<-[CH3-])<-[cH]([cH]->3[cH]->41)[cH]->52,tmqm
Cc1ccc(C(C)C)cc1.[Cl-].[O-]/C(=N\N=C/c1c2ccccc2cc2ccccc12)c1ccccc1,tmqm
CC(C)[P]1(C[N-](c2ccccc2)->[Sc+3]<-123(<-[N-](C[P]->2(C(C)C)C(C)C)c1ccccc1)<-[N-](C[P]->3(C(C)C)C(C)C)c1ccccc1)C(C)C,platinai
[Cl-].[O-]/C(=N\N=C/C1=CNC2C=CC=CC12)c1ccc(Cl)cc1.c1ccccc1,tmqm
CSC(S)=NN=Cc1ccc([O-])cc1[O-].[C-]#[O+].c1ccc(P(c2ccccc2)c2ccccc2)cc1.c1ccc(P(c2ccccc2)c2ccccc2)cc1,tmqm
COc1ccc(/C([O-])=N/N=C\c2cccs2)cc1.[Cl-].c1ccccc1,tmqm
[NH3]->[Pt+2]1(<-[NH3])<-[O-]C(=O)C2(C(=O)[O-]->1)CCC2,tmqm
Cc1ccnc2c1ccc1c(C)ccnc12.Cc1ccnc2c1ccc1c(C)ccnc12.c1cc2ccc3cccc4c5nc(-c6cnccn6)nnc5c(c1)c2c34,platinai
c1cc2ccc3cccc4c5nc(-c6cnccn6)nnc5c(c1)c2c34.c1cnc2c(c1)ccc1cccnc12.c1cnc2c(c1)ccc1cccnc12,platinai
[Cl-].c1ccc(P(c2ccccc2)c2ccccc2)cc1.c1cn[nH]c1.c1cnn(C(n2cccn2)n2cccn2)c1,platinai
Cc1cc2c3c([P](C(C)C)(C(C)C)->[Y+3]4(<-[CH2-][Si](C)(C)C)(<-[CH2-][Si](C)(C)C)<-[N-]3c3c(cc(C)cc3[P]->4(C(C)C)C(C)C)C2(C)C)c1,metal_cytotox
[OH2]->[Y+3]1234(<-[N-]=C=S)(<-[N-]=C=S)(<-[N-]=C=S)<-[OH]CC[O]->1CC[O]->2CC[O]->3CC[OH]->4,tmqm
CC(C)(C)c1cccc(C(C)(C)C)c1[O-]->[Sc+3]1(<-[O-]SP(c2ccccc2)(c2ccccc2)=[N]->1C(C)(C)C)<-[O-]c1c(C(C)(C)C)cccc1C(C)(C)C,tmqm
CC(C)c1cccc(C(C)C)c1[N]1=Cc2c3ccccc3n3CC4CCC[O]4->[Y+]<-14567(<-[c-]23)<-[CH](=[N]->4c1c(C(C)C)cccc1C(C)C)[c]->51c2ccccc2n(CC2CCC[O]->62)[c]->71C[Si](C)(C)C,tmqm
CC#[N]->[Pt](<-[N]#CC)(<-[N]#CC)<-[N]#CC,tmqm
CC(C)[P]1(C[N-](c2ccccc2)->[Y+3]<-123(<-[N-](C[P]->2(C(C)C)C(C)C)c1ccccc1)<-[N-](C[P]->3(C(C)C)C(C)C)c1ccccc1)C(C)C,tmqm
[C-]#[N+]C1CCCCC1.[Cl-].c1ccc(P(c2ccccc2)c2ccccc2)cc1.c1cnn(C(n2cccn2)n2cccn2)c1,metal_cytotox
[BH3]->[YH+2](<-[O]=[b-]1n(-c2c(C(C)C)cccc2C(C)C)ccn1-c1c(C(C)C)cccc1C(C)C)(<-[O]=[b-]1n(-c2c(C(C)C)cccc2C(C)C)ccn1-c1c(C(C)C)cccc1C(C)C)(<-[O]1CCCC1)<-[O]1CCCC1,tmqm
Cc1ccnc(-c2cc(C)ccn2)c1.Cc1ccnc(-c2cc(C)ccn2)c1.c1cc2ccc3cccc4c5nc(-c6cnccn6)nnc5c(c1)c2c34,tmqm
[NH3]->[Pt+2]1(<-[NH2]C2CCCC2)<-[O-]C(=O)CC(O)C(=O)[O-]->1,tmqm
CC(C)c1cccc(C(C)C)c1N1[C](->[Y+3](<-[I-])(<-[I-])(<-[I-])<-[C]2N(c3c(C(C)C)cccc3C(C)C)C(C)(C)CC2(C)C)C(C)(C)CC1(C)C,tmqm
CC(C)(C)[P]1(Cc2cccc3C[P](C(C)(C)C)(C(C)(C)C)->[Sc+3]<-1(<-[CH2-][Si](C)(C)C)(<-[CH2-][Si](C)(C)C)<-[c-]23)C(C)(C)C,tmqm
[NH3]->[Pt+2](<-[NH3])([N+](=O)[O-])[N+](=O)[O-],tmqm
[Cl-].[Cl-].c1ccc(-c2ccnc3c2ccc2c(-c4ccccc4)ccnc23)cc1.c1ccc(-c2ccnc3c2ccc2c(-c4ccccc4)ccnc23)cc1,platinai
[Cl-].[O-]/C(=N\N=C/c1c2ccccc2cc2ccccc12)c1ccc(Cl)cc1.c1ccccc1,tmqm
C[N]12->[Y+3]3(<-[CH3-])(<-[CH3-])(<-[CH3-])<-[N](C)(CC1)CC[N]->3(C)CC2,tmqm
[Cl-].[O-]/C(=N\N=C/c1cccs1)c1ccc(Br)cc1.c1ccccc1,tmqm
O=C1C[N]23Cc4cccc5C[N]67CC(=O)[O-]->[Zr+4]<-2<-689(<-[O-]1)(<-[O-]C(=O)c1cccc(C3)[n]->81)(<-[O-]C(=O)c1cccc(C7)[n]->91)<-[n]45,tmqm
[Cl-]->[Sc+3](<-[Cl-])(<-[O]=P(c1ccccc1)(c1ccccc1)c1ccccc1)(<-[O]=P(c1ccccc1)(c1ccccc1)c1ccccc1)(<-[O]=P(c1ccccc1)(c1ccccc1)c1ccccc1)<-[O]=P(c1ccccc1)(c1ccccc1)c1ccccc1,tmqm
O=C1[O-]->[Pt+2]2(<-[NH2][C@H]3CCCC[C@@H]3[NH2]->2)<-[O-]C1=O,tmqm
[S-]c1ncccn1.c1ccc(P(CCCCP(c2ccccc2)c2ccccc2)c2ccccc2)cc1.c1ccc(P(c2ccccc2)c2ccccn2)cc1,tmqm
CC(C)(C)[P]1(Oc2cccc3O[P](C(C)(C)C)(C(C)(C)C)->[Sc+3]<-1(<-[CH2-][Si](C)(C)C)(<-[CH2-][Si](C)(C)C)<-[c-]23)C(C)(C)C,tmqm
CN1CCCC1=[O]->[Sc+17]1(<-[O]=C2CCCN2C)(<-[O-]c2c(N([O-])[O-])cc(N([O-])[O-])cc2N([O-])[O-])(<-[O-]c2c(N([O-])[O-])cc(N([O-])[O-])cc2[N+](=O)[O-])<-[O-]c2c(N([O-])[O-]->1)cc(N([O-])[O-])cc2[N+](=O)[O-],platinai
CC(C)c1cccc(C(C)C)c1-n1ccn(-c2c(C(C)C)cccc2C(C)C)c1=[N-]->[Y+3](<-[Cl-])(<-[Cl-])(<-[O]1CCCC1)(<-[O]1CCCC1)<-[O]1CCCC1,tmqm
COc1ccc(/C([O-])=N/N=C\C2=CNC3C=CC=CC23)cc1.[Cl-].c1ccccc1,tmqm
C=C[O-]->[Y+3]12(<-[S]=C(Cc3ccccc3N(C)C)[N-]->1c1ccccc1)(<-[N](=C(N(Cc1ccccc1)Cc1ccccc1)[N-]->2c1c(C(C)C)cccc1C(C)C)c1c(C(C)C)cccc1C(C)C)<-[O]1CCCC1,tmqm
CSC(S)=NN=Cc1ccc([O-])cc1[O-].[C-]#[O+].c1ccc(P(c2ccccc2)c2ccccc2)cc1.c1ccc(P(c2ccccc2)c2ccccc2)cc1,tmqm
O=c1c(O)c(-c2ccc(O)cc2O)oc2cc(O)cc([O-])c12.c1ccc(-c2ccnc3c2ccc2c(-c4ccccc4)ccnc23)cc1.c1ccc(-c2ccnc3c2ccc2c(-c4ccccc4)ccnc23)cc1,tmqm
C[Si](C)(C)[O-]->[Y+3](<-[O-][Si](C)(C)C)(<-[n]1ccccc1)(<-[n]1ccccc1)(<-[n]1ccccc1)(<-[n]1ccccc1)<-[n]1ccccc1,tmqm
[NH3]->[Pt+2](<-[NH3])(<-[O-]N=O)<-[O-]N=O,tmqm
CC(C)c1cccc(C(C)C)c1[N-]([SiH](C)C)->[Y+3](<-[n]1ccccc1)(<-[N-](c1c(C(C)C)cccc1C(C)C)[SiH](C)C)<-[N-](c1c(C(C)C)cccc1C(C)C)[SiH](C)C,tmqm
CC(C)P1(C(C)C)=c2ccccc2=[C]2->[Hf+4](<-[Cl-])(<-[Cl-])(<-[Cl-])(<-[Cl-])<-[P](c3ccccc3C=21)(C(C)C)C(C)C,tmqm
Cn1ccnc1.[Cl-].c1ccc(P(c2ccccc2)c2ccccc2)cc1.c1cnn(C(n2cccn2)n2cccn2)c1,tmqm
COc1ccc(/C([O-])=N/N=C\C2=CNC3C=CC=CC23)cc1.[Cl-].c1ccccc1,tmqm
CC1[CH-]C(C)=[O]->[Pt]2(<-[NH2]C3CCCCC3[NH2]->2)<-[O]=1,platinai
c1cc2ccc3cccc4c5nc(-c6cnccn6)nnc5c(c1)c2c34.c1cnc2c(c1)ccc1cccnc12.c1cnc2c(c1)ccc1cccnc12,tmqm
CC1[OH]->[Y+3]23(<-[OH2])(<-[OH2])(<-[O-]C1=O)(<-[O-]C(=O)C(C)[OH]->2)<-[O-]C(=O)C(C)[OH]->3,tmqm
Cc1cccc(C)c1[O-]->[Y+3]12(<-[CH3-])<-[n]3c(C(C)(C)C)cc(C)n3[BH-](n3c(C)cc(C(C)(C)C)[n]->13)n1c(C)cc(C(C)(C)C)[n]->21,tmqm
Cc1cc(C)c(N2CCN(c3c(C)cc(C)cc3C)P23=[O]->[Y+3]24(<-[CH2-]c5ccccc5[N]->2(C)C)(<-[CH2-]c2ccccc2[N]->4(C)C)<-[O-]3)c(C)c1,tmqm
CC1=CC(C)=[N](c2c(C(C)C)cccc2C(C)C)->[Sc+]2(<-[P]#[P]->23N(c2c(C(C)C)cccc2C(C)C)CCN3c2c(C(C)C)cccc2C(C)C)(<-[N-]1c1c(C(C)C)cccc1C(C)C)<-[O]1CCCC1,tmqm
[BH3]->[YH+2]12(<-[N](=C(C)C=C(C)[N-]->1c1ccccc1C(C)(C)C)c1ccccc1C(C)(C)C)<-[N](=C(C)C=C(C)[N-]->2c1ccccc1C(C)(C)C)c1ccccc1C(C)(C)C,platinai
CC(C)c1cccc(C(C)C)c1-n1ccn(-c2c(C(C)C)cccc2C(C)C)c1=[N-]->[Sc+3](<-[CH2-][Si](C)(C)C)(<-[N-]=c1n(-c2c(C(C)C)cccc2C(C)C)ccn1-c1c(C(C)C)cccc1C(C)C)<-[O]1CCCC1,platinai
O=[N+]([O-])[O-]->[Pt+2]1(<-[NH2][C@H]2CCCC[C@H]2[NH2]->1)<-[O-][N+](=O)[O-],tmqm
[C-]#[N]->[Y+3]123456(<-[NH-]c7c(-c8c(C(C)C)cc(C(C)C)cc8C(C)C)cccc7-c7c(C(C)C)cc(C(C)C)cc7C(C)C)<-[NH-]c7c(-c8c(C(C)C)cc(C(C)C)cc8C(C)C)cccc7-[c]->17[c]->2(C(C)C)[cH]->3[c]->4(C(C)C)[cH]->5[c]->67C(C)C,tmqm
Cc1cc(C)[n]2->[Y+3]34(<-[CH](=[Si](C)[N-]->3[Si](C)(C)C)[SiH](c3ccccc3)c3ccccc3)(<-[n]3c(C)cc(C)n3[BH-](n12)n1c(C)cc(C)[n]->41)<-[O]1CCCC1.[CH3-],tmqm
c1cc2ccc3cccc4c5nc(-c6cnccn6)nnc5c(c1)c2c34.c1ccc(-c2ccnc3c2ccc2c(-c4ccccc4)ccnc23)cc1.c1ccc(-c2ccnc3c2ccc2c(-c4ccccc4)ccnc23)cc1,tmqm
Cc1ccc(C)n1[Si](C)(C)[N-](c1ccccc1)->[Y+3]1234(<-[CH2-]c5ccccc5[N]->1(C)C)<-[CH2-][c]->21cccc[c]->31[N]->4(C)C,tmqm
Cc1ccc(C(C)C)cc1.[Cl-].[O-]/C(=N\N=C/C1=CNC2C=CC=CC12)c1ccc(Cl)cc1,tmqm
CCC1(CC)C(=O)[O-]->[Pt+2](<-[NH2]c2cc3ccccc3oc2=O)(<-[NH2]c2cc3ccccc3oc2=O)<-[O-]C1=O,tmqm
CC1=CC(C)=[N]2CC3CCC[O]3->[Y+3]<-2(<-[CH2-][Si](C)(C)C)(<-[CH2-][Si](C)(C)C)<-[N-]1c1c(C(C)C)cccc1C(C)C,platinai
c1cc2ccc3cccc4c5nc(-c6cnccn6)nnc5c(c1)c2c34.c1ccc(-c2ccnc3c2ccc2c(-c4ccccc4)ccnc23)cc1.c1ccc(-c2ccnc3c2ccc2c(-c4ccccc4)ccnc23)cc1,tmqm
CC[Si](CC)(CC)[O-]->[Sc+3]1234<-[n]5c([B-](c6ccc(C)cc6)(n6ccc[n]->16)n1ccc[n]->21)cccc5[B-](c1ccc(C)cc1)(n1ccc[n]->31)n1ccc[n]->41,tmqm
CC(C)c1cccc(C(C)C)c1-n1ccn(-c2c(C(C)C)cccc2C(C)C)c1=[N-]->[Y+3](<-[N-]=c1n(-c2c(C(C)C)cccc2C(C)C)ccn1-c1c(C(C)C)cccc1C(C)C)(<-[NH-]c1c(C(C)(C)C)cc(C(C)(C)C)cc1C(C)(C)C)<-[O]1CCCC1,tmqm
C[Si](C)(C)[N-]([Si](C)(C)C)->[Y+3](<-[CH2-]c1ccccc1)(<-[N-]([Si](C)(C)C)[Si](C)(C)C)<-[N-]([Si](C)(C)C)[Si](C)(C)C,tmqm
O=C1[CH]2=[CH](c3ccccc3)->[Pt]<-23456(<-[CH]1=[CH]->3c1ccccc1)<-[CH](C(=O)[CH]->4=[CH]->5c1ccccc1)=[CH]->6c1ccccc1,platinai
c1ccc(C2=C3c4ccccc4C4=[N]3->[Pt+2]35<-[N]6=C(C(c7ccccc7)=c7c8ccccc8c([n]73)=C4c3ccccc3)c3ccccc3C6=C(c3ccccc3)c3c4ccccc4c2[n]35)cc1,tmqm
O=S1(=O)[O-]->[Pt+2]2(<-[NH2][C@H]3CCCC[C@@H]3[NH2]->2)<-[O-]1,tmqm
COc1ccc(/C([O-])=N/N=C\C2=CNC3C=CC=CC23)cc1.Cc1ccc(C(C)C)cc1.[Cl-],platinai
[Cl-].[O-]/C(=N\N=C/c1cccs1)c1ccc(Cl)cc1.c1ccccc1,tmqm
